rental_id,rental_date,inventory_id,customer_id,return_date,staff_id
1,2005-05-24 22:53:30,367,130,2005-05-26 22:04:30,1
2,2005-05-24 22:54:33,1525,459,2005-05-28 19:40:33,1
3,2005-05-24 23:03:39,1711,408,2005-06-01 22:12:39,1
4,2005-05-24 23:04:41,2452,333,2005-06-03 01:43:41,2
5,2005-05-24 23:05:21,2079,222,2005-06-02 04:33:21,1
6,2005-05-24 23:08:07,2792,549,2005-05-27 01:32:07,1
7,2005-05-24 23:11:53,3995,269,2005-05-29 20:34:53,2
8,2005-05-24 23:31:46,2346,239,2005-05-27 23:33:46,2
9,2005-05-25 00:00:40,2580,126,2005-05-28 00:22:40,1
10,2005-05-25 00:02:21,1824,399,2005-05-31 22:44:21,2
11,2005-05-25 00:09:02,4443,142,2005-06-02 20:56:02,2
12,2005-05-25 00:19:27,1584,261,2005-05-30 05:44:27,2
13,2005-05-25 00:22:55,2294,334,2005-05-30 04:28:55,1
14,2005-05-25 00:31:15,2701,446,2005-05-26 02:56:15,1
15,2005-05-25 00:39:22,3049,319,2005-06-03 03:30:22,1
16,2005-05-25 00:43:11,389,316,2005-05-26 04:42:11,2
17,2005-05-25 01:06:36,830,575,2005-05-27 00:43:36,1
18,2005-05-25 01:10:47,3376,19,2005-05-31 06:35:47,2
19,2005-05-25 01:17:24,1941,456,2005-05-31 06:00:24,1
20,2005-05-25 01:48:41,3517,185,2005-05-27 02:20:41,2
21,2005-05-25 01:59:46,146,388,2005-05-26 01:01:46,2
22,2005-05-25 02:19:23,727,509,2005-05-26 04:52:23,2
23,2005-05-25 02:40:21,4441,438,2005-05-29 06:34:21,1
24,2005-05-25 02:53:02,3273,350,2005-05-27 01:15:02,1
25,2005-05-25 03:21:20,3961,37,2005-05-27 21:25:20,2
26,2005-05-25 03:36:50,4371,371,2005-05-31 00:34:50,1
27,2005-05-25 03:41:50,1225,301,2005-05-30 01:13:50,2
28,2005-05-25 03:42:37,4068,232,2005-05-26 09:26:37,2
29,2005-05-25 03:47:12,611,44,2005-05-30 00:31:12,2
30,2005-05-25 04:01:32,3744,430,2005-05-30 03:12:32,1
31,2005-05-25 04:05:17,4482,369,2005-05-30 07:15:17,1
32,2005-05-25 04:06:21,3832,230,2005-05-25 23:55:21,1
33,2005-05-25 04:18:51,1681,272,2005-05-27 03:58:51,1
34,2005-05-25 04:19:28,2613,597,2005-05-29 00:10:28,2
35,2005-05-25 04:24:36,1286,484,2005-05-27 07:02:36,2
36,2005-05-25 04:36:26,1308,88,2005-05-29 00:31:26,1
37,2005-05-25 04:44:31,403,535,2005-05-29 01:03:31,1
38,2005-05-25 04:47:44,2540,302,2005-06-01 00:58:44,1
39,2005-05-25 04:51:46,4466,207,2005-05-31 03:14:46,2
40,2005-05-25 05:09:04,2638,413,2005-05-27 23:12:04,1
41,2005-05-25 05:12:29,1761,174,2005-06-02 00:28:29,1
42,2005-05-25 05:24:58,380,523,2005-05-31 02:47:58,2
43,2005-05-25 05:39:25,2578,532,2005-05-26 06:54:25,2
44,2005-05-25 05:53:23,3098,207,2005-05-29 10:56:23,2
45,2005-05-25 05:59:39,1853,436,2005-06-02 09:56:39,2
46,2005-05-25 06:04:08,3318,7,2005-06-02 08:18:08,2
47,2005-05-25 06:05:20,2211,35,2005-05-30 03:04:20,1
48,2005-05-25 06:20:46,1780,282,2005-06-02 05:42:46,1
49,2005-05-25 06:39:35,2965,498,2005-05-30 10:12:35,2
50,2005-05-25 06:44:53,1983,18,2005-05-28 11:28:53,2
51,2005-05-25 06:49:10,1257,256,2005-05-26 06:42:10,1
52,2005-05-25 06:51:29,4017,507,2005-05-31 01:27:29,2
53,2005-05-25 07:19:16,1255,569,2005-05-27 05:19:16,2
54,2005-05-25 07:23:25,2787,291,2005-06-01 05:05:25,2
55,2005-05-25 08:26:13,1139,131,2005-05-30 10:57:13,1
56,2005-05-25 08:28:11,1352,511,2005-05-26 14:21:11,1
57,2005-05-25 08:43:32,3938,6,2005-05-29 06:42:32,2
58,2005-05-25 08:53:14,3050,323,2005-05-28 14:40:14,1
59,2005-05-25 08:56:42,2884,408,2005-06-01 09:52:42,1
60,2005-05-25 08:58:25,330,470,2005-05-30 14:14:25,1
61,2005-05-25 09:01:57,4210,250,2005-06-02 07:22:57,2
62,2005-05-25 09:18:52,261,419,2005-05-30 10:55:52,1
63,2005-05-25 09:19:16,4008,383,2005-05-27 04:24:16,1
64,2005-05-25 09:21:29,79,368,2005-06-03 11:31:29,1
65,2005-05-25 09:32:03,3552,346,2005-05-29 14:21:03,1
66,2005-05-25 09:35:12,1162,86,2005-05-29 04:16:12,2
67,2005-05-25 09:41:01,239,119,2005-05-27 13:46:01,2
68,2005-05-25 09:47:31,4029,120,2005-05-31 10:20:31,2
69,2005-05-25 10:10:14,3207,305,2005-05-27 14:02:14,2
70,2005-05-25 10:15:23,2168,73,2005-05-27 05:56:23,2
71,2005-05-25 10:26:39,2408,100,2005-05-28 04:59:39,1
72,2005-05-25 10:52:13,2260,48,2005-05-28 05:52:13,2
73,2005-05-25 11:00:07,517,391,2005-06-01 13:56:07,2
74,2005-05-25 11:09:48,1744,265,2005-05-26 12:23:48,2
75,2005-05-25 11:13:34,3393,510,2005-06-03 12:58:34,1
76,2005-05-25 11:30:37,3021,1,2005-06-03 12:00:37,2
77,2005-05-25 11:31:59,1303,451,2005-05-26 16:53:59,2
78,2005-05-25 11:35:18,4067,135,2005-05-31 12:48:18,2
79,2005-05-25 12:11:07,3299,245,2005-06-03 10:54:07,2
80,2005-05-25 12:12:07,2478,314,2005-05-31 17:46:07,2
81,2005-05-25 12:15:19,2610,286,2005-06-02 14:08:19,2
82,2005-05-25 12:17:46,1388,427,2005-06-01 10:48:46,1
83,2005-05-25 12:30:15,466,131,2005-05-27 15:40:15,1
84,2005-05-25 12:36:30,1829,492,2005-05-29 18:33:30,1
85,2005-05-25 13:05:34,470,414,2005-05-29 16:53:34,1
86,2005-05-25 13:36:12,2275,266,2005-05-30 14:53:12,1
87,2005-05-25 13:52:43,1586,331,2005-05-29 11:12:43,2
88,2005-05-25 14:13:54,2221,53,2005-05-29 09:32:54,2
89,2005-05-25 14:28:29,2181,499,2005-05-29 14:33:29,1
90,2005-05-25 14:31:25,2984,25,2005-06-01 10:07:25,1
91,2005-05-25 14:57:22,139,267,2005-06-01 18:32:22,1
92,2005-05-25 15:38:46,775,302,2005-05-31 13:40:46,2
93,2005-05-25 15:54:16,4360,288,2005-06-03 20:18:16,1
94,2005-05-25 16:03:42,1675,197,2005-05-30 14:23:42,1
95,2005-05-25 16:12:52,178,400,2005-06-02 18:55:52,2
96,2005-05-25 16:32:19,3418,49,2005-05-30 10:47:19,2
97,2005-05-25 16:34:24,1283,263,2005-05-28 12:13:24,2
98,2005-05-25 16:48:24,2970,269,2005-05-27 11:29:24,2
99,2005-05-25 16:50:20,535,44,2005-05-28 18:52:20,1
100,2005-05-25 16:50:28,2599,208,2005-06-02 22:11:28,1
101,2005-05-25 17:17:04,617,468,2005-05-31 19:47:04,1
102,2005-05-25 17:22:10,373,343,2005-05-31 19:47:10,1
103,2005-05-25 17:30:42,3343,384,2005-06-03 22:36:42,1
104,2005-05-25 17:46:33,4281,310,2005-05-27 15:20:33,1
105,2005-05-25 17:54:12,794,108,2005-05-30 12:03:12,2
106,2005-05-25 18:18:19,3627,196,2005-06-04 00:01:19,2
107,2005-05-25 18:28:09,2833,317,2005-06-03 22:46:09,2
108,2005-05-25 18:30:05,3289,242,2005-05-30 19:40:05,1
109,2005-05-25 18:40:20,1044,503,2005-05-29 20:39:20,2
110,2005-05-25 18:43:49,4108,19,2005-06-03 18:13:49,2
111,2005-05-25 18:45:19,3725,227,2005-05-28 17:18:19,1
112,2005-05-25 18:57:24,2153,500,2005-06-02 20:44:24,1
113,2005-05-25 19:07:40,2963,93,2005-05-27 22:16:40,2
114,2005-05-25 19:12:42,4502,506,2005-06-01 23:10:42,1
115,2005-05-25 19:13:25,749,455,2005-05-29 20:17:25,1
116,2005-05-25 19:27:51,4453,18,2005-05-26 16:23:51,1
117,2005-05-25 19:30:46,4278,7,2005-05-31 23:59:46,2
118,2005-05-25 19:31:18,872,524,2005-05-31 15:00:18,1
119,2005-05-25 19:37:02,1359,51,2005-05-29 23:51:02,2
120,2005-05-25 19:37:47,37,365,2005-06-01 23:29:47,2
121,2005-05-25 19:41:29,1053,405,2005-05-29 21:31:29,1
122,2005-05-25 19:46:21,2908,273,2005-06-02 19:07:21,1
123,2005-05-25 20:26:42,1795,43,2005-05-26 19:41:42,1
124,2005-05-25 20:46:11,212,246,2005-05-30 00:47:11,2
125,2005-05-25 20:48:50,952,368,2005-06-02 21:39:50,1
126,2005-05-25 21:07:59,2047,439,2005-05-28 18:51:59,1
127,2005-05-25 21:10:40,2026,94,2005-06-02 21:38:40,1
128,2005-05-25 21:19:53,4322,40,2005-05-29 23:34:53,1
129,2005-05-25 21:20:03,4154,23,2005-06-04 01:25:03,2
130,2005-05-25 21:21:56,3990,56,2005-05-30 22:41:56,2
131,2005-05-25 21:42:46,815,325,2005-05-30 23:25:46,2
132,2005-05-25 21:46:54,3367,479,2005-05-31 21:02:54,1
133,2005-05-25 21:48:30,399,237,2005-05-30 00:26:30,2
134,2005-05-25 21:48:41,2272,222,2005-06-02 18:28:41,1
135,2005-05-25 21:58:58,103,304,2005-06-03 17:50:58,1
136,2005-05-25 22:02:30,2296,504,2005-05-31 18:06:30,1
137,2005-05-25 22:25:18,2591,560,2005-06-01 02:30:18,2
138,2005-05-25 22:48:22,4134,586,2005-05-29 20:21:22,2
139,2005-05-25 23:00:21,327,257,2005-05-29 17:12:21,1
140,2005-05-25 23:34:22,655,354,2005-05-27 01:10:22,1
141,2005-05-25 23:34:53,811,89,2005-06-02 01:57:53,1
142,2005-05-25 23:43:47,4407,472,2005-05-29 00:46:47,2
143,2005-05-25 23:45:52,847,297,2005-05-27 21:41:52,2
144,2005-05-25 23:49:56,1689,357,2005-06-01 21:41:56,2
145,2005-05-25 23:59:03,3905,82,2005-05-31 02:56:03,1
146,2005-05-26 00:07:11,1431,433,2005-06-04 00:20:11,2
147,2005-05-26 00:17:50,633,274,2005-05-29 23:21:50,2
148,2005-05-26 00:25:23,4252,142,2005-06-01 19:29:23,2
149,2005-05-26 00:28:05,1084,319,2005-06-02 21:30:05,2
150,2005-05-26 00:28:39,909,429,2005-06-01 02:10:39,2
151,2005-05-26 00:37:28,2942,14,2005-05-30 06:28:28,1
152,2005-05-26 00:41:10,2622,57,2005-06-03 06:05:10,1
153,2005-05-26 00:47:47,3888,348,2005-05-27 21:28:47,1
154,2005-05-26 00:55:56,1354,185,2005-05-29 23:18:56,2
155,2005-05-26 01:15:05,288,551,2005-06-01 00:03:05,1
156,2005-05-26 01:19:05,3193,462,2005-05-27 23:43:05,1
157,2005-05-26 01:25:21,887,344,2005-05-26 21:17:21,2
158,2005-05-26 01:27:11,2395,354,2005-06-03 00:30:11,2
159,2005-05-26 01:34:28,3453,505,2005-05-29 04:00:28,1
160,2005-05-26 01:46:20,1885,290,2005-06-01 05:45:20,1
161,2005-05-26 01:51:48,2941,182,2005-05-27 05:42:48,1
162,2005-05-26 02:02:05,1229,296,2005-05-27 03:38:05,2
163,2005-05-26 02:26:23,2306,104,2005-06-04 06:36:23,1
164,2005-05-26 02:26:49,1070,151,2005-05-28 00:32:49,1
165,2005-05-26 02:28:36,2735,33,2005-06-02 03:21:36,1
166,2005-05-26 02:49:11,3894,322,2005-05-31 01:28:11,1
167,2005-05-26 02:50:31,865,401,2005-05-27 03:07:31,1
168,2005-05-26 03:07:43,2714,469,2005-06-02 02:09:43,2
169,2005-05-26 03:09:30,1758,381,2005-05-27 01:37:30,2
170,2005-05-26 03:11:12,3688,107,2005-06-02 03:53:12,1
171,2005-05-26 03:14:15,4483,400,2005-06-03 00:24:15,2
172,2005-05-26 03:17:42,2873,176,2005-05-29 04:11:42,2
173,2005-05-26 03:42:10,3596,533,2005-05-28 01:37:10,2
174,2005-05-26 03:44:10,3954,552,2005-05-28 07:13:10,2
175,2005-05-26 03:46:26,4346,47,2005-06-03 06:01:26,2
176,2005-05-26 03:47:39,851,250,2005-06-01 02:36:39,2
177,2005-05-26 04:14:29,3545,548,2005-06-01 08:16:29,2
178,2005-05-26 04:21:46,1489,196,2005-06-04 07:09:46,2
179,2005-05-26 04:26:06,2575,19,2005-06-03 10:06:06,1
180,2005-05-26 04:46:23,2752,75,2005-06-01 09:58:23,1
181,2005-05-26 04:47:06,2417,587,2005-05-29 06:34:06,2
182,2005-05-26 04:49:17,4396,237,2005-06-01 05:43:17,2
183,2005-05-26 05:01:18,2877,254,2005-06-01 09:04:18,1
184,2005-05-26 05:29:49,1970,556,2005-05-28 10:10:49,1
185,2005-05-26 05:30:03,2598,125,2005-06-02 09:48:03,2
186,2005-05-26 05:32:52,1799,468,2005-06-03 07:19:52,2
187,2005-05-26 05:42:37,4004,515,2005-06-04 00:38:37,1
188,2005-05-26 05:47:12,3342,243,2005-05-26 23:48:12,1
189,2005-05-26 06:01:41,984,247,2005-05-27 06:11:41,1
190,2005-05-26 06:11:28,3962,533,2005-06-01 09:44:28,1
191,2005-05-26 06:14:06,4365,412,2005-05-28 05:33:06,1
192,2005-05-26 06:20:37,1897,437,2005-06-02 10:57:37,1
193,2005-05-26 06:41:48,3900,270,2005-05-30 06:21:48,2
194,2005-05-26 06:52:33,1337,29,2005-05-30 04:08:33,2
195,2005-05-26 06:52:36,506,564,2005-05-31 02:47:36,2
196,2005-05-26 06:55:58,190,184,2005-05-27 10:54:58,1
197,2005-05-26 06:59:21,4212,546,2005-06-03 05:04:21,2
198,2005-05-26 07:03:49,1789,54,2005-06-04 11:45:49,1
199,2005-05-26 07:11:58,2135,71,2005-05-28 09:06:58,1
200,2005-05-26 07:12:21,3926,321,2005-05-31 12:07:21,1
201,2005-05-26 07:13:45,776,444,2005-06-04 02:02:45,2
202,2005-05-26 07:27:36,674,20,2005-06-02 03:52:36,1
203,2005-05-26 07:27:57,3374,109,2005-06-03 12:52:57,1
204,2005-05-26 07:30:37,1842,528,2005-05-30 08:11:37,1
205,2005-05-26 07:59:37,303,114,2005-05-29 09:43:37,2
206,2005-05-26 08:01:54,1717,345,2005-05-27 06:26:54,1
207,2005-05-26 08:04:38,102,47,2005-05-27 09:32:38,2
208,2005-05-26 08:10:22,3669,274,2005-05-27 03:55:22,1
209,2005-05-26 08:14:01,729,379,2005-05-27 09:00:01,1
210,2005-05-26 08:14:15,1801,391,2005-05-27 12:12:15,2
211,2005-05-26 08:33:10,4005,170,2005-05-28 14:09:10,1
212,2005-05-26 08:34:41,764,59,2005-05-30 12:46:41,2
213,2005-05-26 08:44:08,1505,394,2005-05-31 12:33:08,2
214,2005-05-26 08:48:49,1453,98,2005-05-31 04:06:49,2
215,2005-05-26 09:02:47,679,197,2005-05-28 09:45:47,2
216,2005-05-26 09:17:43,1398,91,2005-06-03 08:21:43,1
217,2005-05-26 09:24:26,4395,121,2005-05-31 03:24:26,2
218,2005-05-26 09:27:09,2291,309,2005-06-04 11:53:09,2
219,2005-05-26 09:41:45,3074,489,2005-05-28 04:40:45,1
220,2005-05-26 10:06:49,1259,542,2005-06-01 07:43:49,1
221,2005-05-26 10:14:09,3578,143,2005-05-29 05:57:09,1
222,2005-05-26 10:14:38,2745,83,2005-05-31 08:36:38,2
223,2005-05-26 10:15:23,3121,460,2005-05-30 11:43:23,1
224,2005-05-26 10:18:27,4285,318,2005-06-04 06:59:27,1
225,2005-05-26 10:27:50,651,467,2005-06-01 07:01:50,2
226,2005-05-26 10:44:04,4181,221,2005-05-31 13:26:04,2
227,2005-05-26 10:51:46,214,301,2005-05-30 07:24:46,1
228,2005-05-26 10:54:28,511,571,2005-06-04 09:39:28,1
229,2005-05-26 11:19:20,1131,312,2005-05-31 11:56:20,2
230,2005-05-26 11:31:50,1085,58,2005-05-30 15:22:50,1
231,2005-05-26 11:31:59,4032,365,2005-05-27 07:27:59,1
232,2005-05-26 11:38:05,2945,256,2005-05-27 08:42:05,2
233,2005-05-26 11:43:44,715,531,2005-05-28 17:28:44,2
234,2005-05-26 11:47:20,1321,566,2005-06-03 10:39:20,2
235,2005-05-26 11:51:09,3537,119,2005-06-04 09:36:09,1
236,2005-05-26 11:53:49,1265,446,2005-05-28 13:55:49,1
237,2005-05-26 12:15:13,241,536,2005-05-29 18:10:13,1
238,2005-05-26 12:30:22,503,211,2005-05-27 06:49:22,1
239,2005-05-26 12:30:26,131,49,2005-06-01 13:26:26,2
240,2005-05-26 12:40:23,3420,103,2005-06-04 07:22:23,1
241,2005-05-26 12:49:01,4438,245,2005-05-28 11:43:01,2
242,2005-05-26 13:05:08,2095,214,2005-06-02 15:26:08,1
243,2005-05-26 13:06:05,1721,543,2005-06-03 17:28:05,2
244,2005-05-26 13:40:40,1041,257,2005-05-31 11:58:40,1
245,2005-05-26 13:46:59,3045,158,2005-05-27 09:58:59,2
246,2005-05-26 13:57:07,2829,240,2005-05-29 10:12:07,2
247,2005-05-26 14:01:05,4095,102,2005-05-28 13:38:05,2
248,2005-05-26 14:07:58,1913,545,2005-05-31 14:03:58,2
249,2005-05-26 14:19:09,2428,472,2005-05-28 17:47:09,2
250,2005-05-26 14:30:24,368,539,2005-05-27 08:50:24,1
251,2005-05-26 14:35:40,4352,204,2005-05-29 17:17:40,1
252,2005-05-26 14:39:53,1203,187,2005-06-02 14:48:53,1
253,2005-05-26 14:43:14,2969,416,2005-05-27 12:21:14,1
254,2005-05-26 14:43:48,1835,390,2005-05-31 09:19:48,2
255,2005-05-26 14:52:15,3264,114,2005-05-27 12:45:15,1
256,2005-05-26 15:20:58,3194,436,2005-05-31 15:58:58,1
257,2005-05-26 15:27:05,2570,373,2005-05-29 16:25:05,2
258,2005-05-26 15:28:14,3534,502,2005-05-30 18:38:14,2
259,2005-05-26 15:32:46,30,482,2005-06-04 15:27:46,2
260,2005-05-26 15:42:20,435,21,2005-05-31 13:21:20,2
261,2005-05-26 15:44:23,1369,414,2005-06-02 09:47:23,2
262,2005-05-26 15:46:56,4261,236,2005-05-28 15:49:56,2
263,2005-05-26 15:47:40,1160,449,2005-05-30 10:07:40,2
264,2005-05-26 16:00:49,2069,251,2005-05-27 10:12:49,2
265,2005-05-26 16:07:38,2276,303,2005-06-01 14:20:38,1
266,2005-05-26 16:08:05,3303,263,2005-05-27 10:55:05,2
267,2005-05-26 16:16:21,1206,417,2005-05-30 16:53:21,2
268,2005-05-26 16:19:08,1714,75,2005-05-27 14:35:08,1
269,2005-05-26 16:19:46,3501,322,2005-05-27 15:59:46,2
270,2005-05-26 16:20:56,207,200,2005-06-03 12:40:56,2
271,2005-05-26 16:22:01,2388,92,2005-06-03 17:30:01,2
272,2005-05-26 16:27:11,971,71,2005-06-03 13:10:11,2
273,2005-05-26 16:29:36,1590,193,2005-05-29 18:49:36,2
274,2005-05-26 16:48:51,656,311,2005-06-03 18:17:51,1
275,2005-05-26 17:09:53,1718,133,2005-06-04 22:35:53,1
276,2005-05-26 17:16:07,1221,58,2005-06-03 12:59:07,1
277,2005-05-26 17:32:11,1409,45,2005-05-28 22:54:11,1
278,2005-05-26 17:40:58,182,214,2005-06-02 16:43:58,2
279,2005-05-26 18:02:50,661,384,2005-06-03 18:48:50,2
280,2005-05-26 18:36:58,1896,167,2005-05-27 23:42:58,1
281,2005-05-26 18:49:35,1208,582,2005-05-27 18:11:35,2
282,2005-05-26 18:56:26,4486,282,2005-06-01 16:32:26,2
283,2005-05-26 19:05:05,3530,242,2005-05-31 19:19:05,1
284,2005-05-26 19:21:44,350,359,2005-06-04 14:18:44,2
285,2005-05-26 19:41:40,2486,162,2005-05-31 16:58:40,2
286,2005-05-26 19:44:51,314,371,2005-06-04 18:00:51,2
287,2005-05-26 19:44:54,3631,17,2005-06-02 01:10:54,1
288,2005-05-26 19:47:49,3546,82,2005-06-03 20:53:49,2
289,2005-05-26 20:01:09,2449,81,2005-05-28 15:09:09,1
290,2005-05-26 20:08:33,2776,429,2005-05-30 00:32:33,1
291,2005-05-26 20:20:47,485,577,2005-06-03 02:06:47,2
292,2005-05-26 20:22:12,4264,515,2005-06-05 00:58:12,1
293,2005-05-26 20:27:02,1828,158,2005-06-03 16:45:02,2
294,2005-05-26 20:29:57,2751,369,2005-05-28 17:20:57,1
295,2005-05-26 20:33:20,4030,65,2005-05-27 18:23:20,2
296,2005-05-26 20:35:19,3878,468,2005-06-04 02:31:19,2
297,2005-05-26 20:48:48,1594,48,2005-05-27 19:52:48,2
298,2005-05-26 20:52:26,1083,460,2005-05-29 22:08:26,2
299,2005-05-26 20:55:36,4376,448,2005-05-28 00:25:36,2
300,2005-05-26 20:57:00,249,47,2005-06-05 01:34:00,2
301,2005-05-26 21:06:14,3448,274,2005-06-01 01:54:14,2
302,2005-05-26 21:13:46,2921,387,2005-06-03 15:49:46,2
303,2005-05-26 21:16:52,1111,596,2005-05-27 23:41:52,2
304,2005-05-26 21:21:28,1701,534,2005-06-02 00:05:28,1
305,2005-05-26 21:22:07,2665,464,2005-06-02 22:33:07,2
306,2005-05-26 21:31:57,2781,547,2005-05-28 19:37:57,1
307,2005-05-26 21:48:13,1097,375,2005-06-04 22:24:13,1
308,2005-05-26 22:01:39,187,277,2005-06-04 20:24:39,2
309,2005-05-26 22:38:10,1946,251,2005-06-02 03:10:10,2
310,2005-05-26 22:41:07,593,409,2005-06-02 04:09:07,1
311,2005-05-26 22:51:37,2830,201,2005-06-01 00:02:37,1
312,2005-05-26 22:52:19,2008,143,2005-06-02 18:14:19,2
313,2005-05-26 22:56:19,4156,594,2005-05-29 01:29:19,2
314,2005-05-26 23:09:41,2851,203,2005-05-28 22:49:41,2
315,2005-05-26 23:12:55,2847,238,2005-05-29 23:33:55,1
316,2005-05-26 23:22:55,3828,249,2005-05-29 23:25:55,2
317,2005-05-26 23:23:56,26,391,2005-06-01 19:56:56,2
318,2005-05-26 23:37:39,2559,60,2005-06-03 04:31:39,2
319,2005-05-26 23:52:13,3024,77,2005-05-30 18:55:13,1
320,2005-05-27 00:09:24,1090,2,2005-05-28 04:30:24,2
321,2005-05-27 00:47:35,4556,496,2005-06-02 00:32:35,1
322,2005-05-27 00:49:27,2362,144,2005-05-30 03:12:27,1
323,2005-05-27 01:00:04,3364,292,2005-05-30 04:27:04,1
324,2005-05-27 01:09:55,2510,449,2005-05-31 07:01:55,2
325,2005-05-27 01:10:11,3979,432,2005-06-04 20:25:11,2
326,2005-05-27 01:18:57,2678,105,2005-06-04 04:06:57,1
327,2005-05-27 01:29:31,2524,451,2005-06-01 02:27:31,1
328,2005-05-27 01:57:14,2659,231,2005-05-31 04:19:14,2
329,2005-05-27 02:15:30,1536,248,2005-06-04 05:09:30,2
330,2005-05-27 02:22:26,1872,67,2005-06-05 00:25:26,1
331,2005-05-27 02:27:10,1529,299,2005-06-03 01:26:10,2
332,2005-05-27 02:52:21,4001,412,2005-06-01 00:55:21,2
333,2005-05-27 03:03:07,3973,194,2005-05-29 03:54:07,1
334,2005-05-27 03:07:10,1411,16,2005-06-05 00:15:10,2
335,2005-05-27 03:15:23,1811,275,2005-05-29 22:43:23,1
336,2005-05-27 03:22:30,751,19,2005-06-02 03:27:30,1
337,2005-05-27 03:42:52,2596,165,2005-06-01 05:23:52,2
338,2005-05-27 03:47:18,2410,516,2005-06-04 05:46:18,2
339,2005-05-27 03:55:25,946,209,2005-06-04 07:57:25,2
340,2005-05-27 04:01:42,4168,56,2005-06-05 08:51:42,1
341,2005-05-27 04:11:04,4019,539,2005-05-29 01:28:04,2
342,2005-05-27 04:13:41,3301,455,2005-05-28 08:34:41,1
343,2005-05-27 04:30:22,2327,236,2005-05-29 10:13:22,2
344,2005-05-27 04:32:25,1396,144,2005-05-31 09:50:25,1
345,2005-05-27 04:34:41,4319,14,2005-06-05 04:24:41,2
346,2005-05-27 04:40:33,1625,378,2005-05-28 09:56:33,2
347,2005-05-27 04:50:56,1825,473,2005-06-01 04:43:56,1
348,2005-05-27 04:53:11,2920,36,2005-05-28 06:33:11,2
349,2005-05-27 05:01:28,2756,9,2005-06-04 05:01:28,2
350,2005-05-27 05:39:03,3371,118,2005-06-01 11:10:03,1
351,2005-05-27 05:48:19,4369,157,2005-05-29 09:05:19,1
352,2005-05-27 06:03:39,3989,503,2005-06-03 04:39:39,2
353,2005-05-27 06:12:26,2058,452,2005-06-01 06:48:26,1
354,2005-05-27 06:15:33,141,446,2005-06-01 02:50:33,2
355,2005-05-27 06:32:30,2868,382,2005-05-30 06:24:30,2
356,2005-05-27 06:37:15,4417,198,2005-05-30 07:04:15,2
357,2005-05-27 06:43:59,1925,102,2005-05-29 11:28:59,2
358,2005-05-27 06:48:33,1156,152,2005-05-29 03:55:33,1
359,2005-05-27 06:51:14,3489,594,2005-06-03 01:58:14,1
360,2005-05-27 07:03:28,6,587,2005-05-31 08:01:28,1
361,2005-05-27 07:10:25,2324,147,2005-06-01 08:34:25,1
362,2005-05-27 07:14:00,4282,345,2005-05-28 12:22:00,2
363,2005-05-27 07:20:12,833,430,2005-05-31 10:44:12,2
364,2005-05-27 07:31:20,2887,167,2005-06-04 04:46:20,1
365,2005-05-27 07:33:54,360,134,2005-06-04 01:55:54,2
366,2005-05-27 07:37:02,3437,439,2005-05-30 05:43:02,2
367,2005-05-27 07:42:29,1247,361,2005-06-04 11:20:29,2
368,2005-05-27 07:46:49,944,508,2005-06-01 06:20:49,2
369,2005-05-27 07:49:43,3347,22,2005-06-05 06:39:43,2
370,2005-05-27 08:08:18,1235,295,2005-06-05 03:05:18,2
371,2005-05-27 08:13:58,4089,510,2005-06-04 03:50:58,2
372,2005-05-27 08:16:25,1649,464,2005-06-01 11:41:25,1
373,2005-05-27 08:26:30,4420,337,2005-06-05 07:13:30,1
374,2005-05-27 08:49:21,1815,306,2005-06-04 14:11:21,1
375,2005-05-27 08:58:15,3197,542,2005-06-02 04:48:15,1
376,2005-05-27 09:04:05,3012,170,2005-06-02 03:36:05,2
377,2005-05-27 09:23:22,2242,53,2005-05-29 15:20:22,1
378,2005-05-27 09:25:32,3462,584,2005-06-02 06:19:32,1
379,2005-05-27 09:34:39,1777,176,2005-06-04 11:45:39,1
380,2005-05-27 09:43:25,2748,371,2005-05-31 12:00:25,1
381,2005-05-27 10:12:00,4358,183,2005-05-31 15:03:00,1
382,2005-05-27 10:12:20,955,298,2005-06-03 10:37:20,1
383,2005-05-27 10:18:20,910,371,2005-06-02 09:21:20,2
384,2005-05-27 10:23:25,1565,213,2005-05-30 15:27:25,2
385,2005-05-27 10:26:31,1288,109,2005-05-30 08:32:31,1
386,2005-05-27 10:35:27,2684,506,2005-06-01 13:37:27,2
387,2005-05-27 10:37:27,434,28,2005-05-30 05:45:27,1
388,2005-05-27 10:45:41,691,500,2005-06-05 06:22:41,2
389,2005-05-27 11:02:26,3759,48,2005-06-02 16:09:26,2
390,2005-05-27 11:03:55,2193,197,2005-06-01 11:59:55,2
391,2005-05-27 11:14:42,263,359,2005-06-01 14:28:42,2
392,2005-05-27 11:18:25,145,251,2005-05-28 07:10:25,2
393,2005-05-27 11:26:11,1890,274,2005-06-03 16:44:11,2
394,2005-05-27 11:45:49,752,575,2005-05-31 13:42:49,1
395,2005-05-27 11:47:04,1020,112,2005-05-29 10:14:04,1
396,2005-05-27 12:29:02,4193,544,2005-05-28 17:36:02,2
397,2005-05-27 12:44:03,1686,422,2005-06-02 08:19:03,1
398,2005-05-27 12:48:38,553,204,2005-05-29 15:27:38,1
399,2005-05-27 12:51:44,258,249,2005-05-31 08:34:44,2
400,2005-05-27 12:57:55,2179,46,2005-05-29 17:55:55,2
401,2005-05-27 13:17:18,461,354,2005-05-30 08:53:18,2
402,2005-05-27 13:28:52,3983,424,2005-05-29 11:47:52,2
403,2005-05-27 13:31:51,1293,168,2005-05-30 16:58:51,1
404,2005-05-27 13:32:39,4090,272,2005-06-05 18:53:39,2
405,2005-05-27 13:46:46,2136,381,2005-05-30 12:43:46,1
406,2005-05-27 13:57:38,1077,44,2005-05-31 18:23:38,1
407,2005-05-27 13:57:39,1438,84,2005-05-28 11:57:39,1
408,2005-05-27 14:10:58,3652,220,2005-06-02 10:40:58,2
409,2005-05-27 14:11:22,4010,506,2005-06-02 20:06:22,2
410,2005-05-27 14:14:14,1434,388,2005-06-03 17:39:14,1
411,2005-05-27 14:17:23,1400,375,2005-05-29 15:07:23,2
412,2005-05-27 14:45:37,3516,307,2005-06-03 11:11:37,1
413,2005-05-27 14:48:20,1019,219,2005-05-31 14:39:20,2
414,2005-05-27 14:51:45,3698,304,2005-05-28 19:07:45,2
415,2005-05-27 15:02:10,2371,222,2005-05-29 10:34:10,2
416,2005-05-27 15:07:27,2253,475,2005-05-29 20:01:27,2
417,2005-05-27 15:13:17,3063,151,2005-06-04 12:05:17,2
418,2005-05-27 15:15:11,2514,77,2005-06-02 11:53:11,1
419,2005-05-27 15:19:38,619,93,2005-06-03 15:07:38,2
420,2005-05-27 15:30:13,2985,246,2005-06-04 13:19:13,2
421,2005-05-27 15:31:55,1152,150,2005-06-01 11:47:55,2
422,2005-05-27 15:32:57,1783,284,2005-06-02 19:03:57,1
423,2005-05-27 15:34:01,2815,35,2005-06-05 09:44:01,1
424,2005-05-27 15:51:30,1518,182,2005-06-03 16:52:30,2
425,2005-05-27 15:56:57,1103,522,2005-06-05 11:45:57,1
426,2005-05-27 16:10:04,1677,288,2005-06-05 13:22:04,2
427,2005-05-27 16:10:58,3349,161,2005-05-31 17:24:58,2
428,2005-05-27 16:21:26,129,498,2005-06-05 20:23:26,2
429,2005-05-27 16:22:10,1920,190,2005-06-05 13:10:10,1
430,2005-05-27 16:31:05,4507,334,2005-06-05 11:29:05,1
431,2005-05-27 16:40:29,1119,46,2005-05-29 16:20:29,1
432,2005-05-27 16:40:40,4364,574,2005-05-30 19:55:40,2
433,2005-05-27 16:54:27,3360,246,2005-06-04 22:26:27,1
434,2005-05-27 17:17:09,3328,3,2005-06-02 11:20:09,2
435,2005-05-27 17:21:04,4317,267,2005-05-30 21:26:04,2
436,2005-05-27 17:47:22,1800,525,2005-06-05 14:22:22,2
437,2005-05-27 17:52:34,4260,249,2005-06-05 22:23:34,2
438,2005-05-27 17:54:48,354,319,2005-06-02 23:01:48,2
439,2005-05-27 18:00:35,4452,314,2005-05-29 16:15:35,1
440,2005-05-27 18:11:05,1578,54,2005-05-30 22:45:05,1
441,2005-05-27 18:12:13,1457,403,2005-05-30 12:30:13,2
442,2005-05-27 18:35:20,2021,547,2005-06-04 18:58:20,1
443,2005-05-27 18:39:15,723,239,2005-06-01 15:56:15,1
444,2005-05-27 18:42:57,1757,293,2005-05-30 22:35:57,2
445,2005-05-27 18:48:41,1955,401,2005-06-03 16:42:41,2
446,2005-05-27 18:57:02,3890,133,2005-06-05 18:38:02,1
447,2005-05-27 19:03:08,2671,247,2005-06-03 20:28:08,2
448,2005-05-27 19:13:15,2469,172,2005-06-04 01:08:15,2
449,2005-05-27 19:18:54,1343,247,2005-06-05 23:52:54,1
450,2005-05-27 19:27:54,205,87,2005-05-29 01:07:54,2
451,2005-05-27 19:30:33,2993,127,2005-05-30 20:53:33,2
452,2005-05-27 19:31:16,4425,529,2005-05-29 23:06:16,1
453,2005-05-27 19:31:36,3499,575,2005-05-30 15:46:36,1
454,2005-05-27 19:43:29,3344,343,2005-06-04 23:40:29,2
455,2005-05-27 19:50:06,1699,92,2005-06-02 22:14:06,1
456,2005-05-27 19:52:29,2368,300,2005-06-02 17:17:29,2
457,2005-05-27 19:58:36,3350,565,2005-06-06 00:51:36,1
458,2005-05-27 20:00:04,597,468,2005-05-29 22:47:04,1
459,2005-05-27 20:02:03,4238,240,2005-05-28 16:14:03,1
460,2005-05-27 20:08:55,2077,447,2005-06-01 14:32:55,1
461,2005-05-27 20:10:36,2314,364,2005-06-03 21:12:36,2
462,2005-05-27 20:11:47,826,21,2005-06-04 21:18:47,1
463,2005-05-27 20:42:44,1313,193,2005-05-30 00:49:44,2
464,2005-05-27 20:44:36,20,261,2005-06-02 02:43:36,1
465,2005-05-27 20:57:07,1786,442,2005-05-29 15:52:07,1
466,2005-05-27 21:10:03,339,557,2005-06-01 16:08:03,1
467,2005-05-27 21:13:10,2656,101,2005-06-04 15:26:10,2
468,2005-05-27 21:14:26,4463,154,2005-06-05 21:51:26,1
469,2005-05-27 21:17:08,1613,504,2005-06-04 17:47:08,1
470,2005-05-27 21:32:42,2872,209,2005-05-31 00:39:42,2
471,2005-05-27 21:36:15,1338,528,2005-05-29 21:07:15,1
472,2005-05-27 21:36:34,802,105,2005-06-05 17:02:34,1
473,2005-05-27 22:11:56,1474,274,2005-05-31 19:07:56,1
474,2005-05-27 22:16:26,2520,159,2005-05-28 19:58:26,1
475,2005-05-27 22:31:36,2451,543,2005-06-03 19:12:36,1
476,2005-05-27 22:33:33,2437,161,2005-06-02 18:35:33,2
477,2005-05-27 22:38:20,424,557,2005-05-31 18:39:20,2
478,2005-05-27 22:39:10,2060,231,2005-06-05 22:46:10,2
479,2005-05-27 22:47:39,2108,220,2005-06-04 21:17:39,2
480,2005-05-27 22:49:27,72,445,2005-05-30 17:46:27,2
481,2005-05-27 22:53:02,4178,546,2005-06-01 22:53:02,2
482,2005-05-27 23:00:25,1510,32,2005-05-28 21:30:25,1
483,2005-05-27 23:26:45,3115,491,2005-05-29 21:16:45,2
484,2005-05-27 23:40:52,2392,105,2005-05-28 22:40:52,2
485,2005-05-27 23:51:12,1822,398,2005-05-28 20:26:12,1
486,2005-05-28 00:00:30,3774,569,2005-05-28 19:18:30,2
487,2005-05-28 00:07:50,393,168,2005-06-03 22:30:50,2
488,2005-05-28 00:09:12,1940,476,2005-05-31 04:44:12,2
489,2005-05-28 00:09:56,3524,95,2005-05-30 22:32:56,2
490,2005-05-28 00:13:35,1326,196,2005-05-29 00:11:35,2
491,2005-05-28 00:24:58,1999,228,2005-05-28 22:34:58,1
492,2005-05-28 00:34:11,184,501,2005-05-30 18:40:11,1
493,2005-05-28 00:39:31,1850,64,2005-06-02 19:35:31,1
494,2005-05-28 00:40:48,1007,526,2005-05-29 06:07:48,1
495,2005-05-28 00:43:41,1785,56,2005-06-04 03:56:41,1
496,2005-05-28 00:54:39,2636,20,2005-06-03 20:47:39,2
497,2005-05-28 01:01:21,458,287,2005-05-30 21:20:21,2
498,2005-05-28 01:05:07,2381,199,2005-06-05 19:54:07,2
499,2005-05-28 01:05:25,4500,145,2005-05-31 20:04:25,1
500,2005-05-28 01:09:36,601,162,2005-05-30 06:14:36,2
501,2005-05-28 01:34:43,3131,179,2005-05-31 01:02:43,2
502,2005-05-28 01:35:25,3005,288,2005-05-28 22:12:25,2
503,2005-05-28 02:05:34,2086,170,2005-05-30 23:03:34,1
504,2005-05-28 02:06:37,71,111,2005-05-29 06:57:37,1
505,2005-05-28 02:09:19,667,469,2005-06-05 20:34:19,1
506,2005-05-28 02:31:19,3621,421,2005-06-02 05:07:19,2
507,2005-05-28 02:40:50,4179,434,2005-06-05 03:05:50,1
508,2005-05-28 02:51:12,3416,147,2005-05-31 06:27:12,1
509,2005-05-28 02:52:14,4338,113,2005-05-30 21:20:14,2
510,2005-05-28 03:04:04,3827,296,2005-06-03 04:58:04,1
511,2005-05-28 03:07:50,2176,231,2005-06-05 02:12:50,2
512,2005-05-28 03:08:10,225,489,2005-05-29 07:22:10,1
513,2005-05-28 03:09:28,1697,597,2005-06-05 00:49:28,2
514,2005-05-28 03:10:10,3369,110,2005-06-04 02:18:10,2
515,2005-05-28 03:11:47,4357,400,2005-06-04 02:19:47,1
516,2005-05-28 03:17:57,234,403,2005-05-29 06:33:57,1
517,2005-05-28 03:18:02,4087,480,2005-05-30 05:32:02,1
518,2005-05-28 03:22:33,3564,245,2005-06-03 05:06:33,1
519,2005-05-28 03:27:37,3845,161,2005-06-04 05:47:37,1
520,2005-05-28 03:32:22,2397,374,2005-05-28 22:37:22,1
521,2005-05-28 03:33:20,3195,382,2005-05-31 04:23:20,1
522,2005-05-28 03:53:26,1905,138,2005-05-31 05:58:26,2
523,2005-05-28 03:57:28,1962,223,2005-05-31 05:20:28,1
524,2005-05-28 04:25:33,1817,14,2005-06-06 04:18:33,1
525,2005-05-28 04:27:37,1387,408,2005-05-30 07:52:37,1
526,2005-05-28 04:28:38,266,169,2005-06-02 08:19:38,1
527,2005-05-28 04:30:05,1655,359,2005-06-03 10:01:05,2
528,2005-05-28 04:34:17,2624,469,2005-05-30 00:35:17,1
529,2005-05-28 05:13:01,3332,312,2005-06-01 10:21:01,2
530,2005-05-28 05:23:38,1113,589,2005-05-29 08:00:38,2
531,2005-05-28 05:36:58,2793,120,2005-06-02 01:50:58,1
532,2005-05-28 06:14:46,4306,528,2005-06-01 06:26:46,2
533,2005-05-28 06:15:25,992,184,2005-06-06 07:51:25,1
534,2005-05-28 06:16:32,4209,307,2005-05-31 02:48:32,1
535,2005-05-28 06:17:33,2962,514,2005-06-03 10:02:33,2
536,2005-05-28 06:20:55,3095,315,2005-06-05 11:48:55,2
537,2005-05-28 06:21:05,2262,110,2005-06-02 01:22:05,2
538,2005-05-28 06:26:16,3427,161,2005-05-30 02:02:16,1
539,2005-05-28 06:40:25,3321,119,2005-06-06 00:47:25,1
540,2005-05-28 06:41:58,1662,535,2005-06-02 09:12:58,2
541,2005-05-28 06:42:13,4444,261,2005-06-03 09:05:13,1
542,2005-05-28 06:43:34,530,493,2005-06-06 07:16:34,2
543,2005-05-28 07:03:00,2964,311,2005-06-06 06:23:00,1
544,2005-05-28 07:10:20,1086,54,2005-06-04 01:47:20,2
545,2005-05-28 07:16:25,487,20,2005-06-01 08:36:25,1
546,2005-05-28 07:24:28,2065,506,2005-06-06 01:31:28,2
547,2005-05-28 07:34:56,3704,450,2005-06-05 03:14:56,2
548,2005-05-28 07:35:37,1818,159,2005-06-02 09:08:37,1
549,2005-05-28 07:39:16,3632,432,2005-06-06 12:20:16,2
550,2005-05-28 07:44:18,3119,315,2005-06-02 12:55:18,2
551,2005-05-28 07:53:38,23,106,2005-06-04 12:45:38,2
552,2005-05-28 08:14:44,1349,176,2005-06-02 03:01:44,2
553,2005-05-28 08:23:16,1951,376,2005-05-31 03:29:16,2
554,2005-05-28 08:31:14,4397,55,2005-05-30 07:34:14,2
555,2005-05-28 08:31:36,1814,22,2005-06-06 07:29:36,2
556,2005-05-28 08:36:22,158,444,2005-06-03 10:42:22,2
557,2005-05-28 08:38:43,4163,442,2005-06-06 13:52:43,1
558,2005-05-28 08:39:02,1227,572,2005-06-05 08:38:02,2
559,2005-05-28 08:53:02,644,463,2005-06-04 12:27:02,2
560,2005-05-28 08:54:06,928,77,2005-06-05 05:54:06,1
561,2005-05-28 09:01:21,3390,102,2005-06-02 05:26:21,2
562,2005-05-28 09:10:49,53,324,2005-06-06 11:32:49,1
563,2005-05-28 09:12:09,2973,282,2005-05-29 05:07:09,1
564,2005-05-28 09:26:31,1494,288,2005-06-01 07:28:31,1
565,2005-05-28 09:51:39,4330,253,2005-06-05 09:35:39,1
566,2005-05-28 09:56:20,3308,184,2005-06-01 06:41:20,2
567,2005-05-28 09:57:36,2232,155,2005-05-31 15:44:36,1
568,2005-05-28 10:12:41,4534,56,2005-06-03 10:08:41,2
569,2005-05-28 10:15:04,1122,21,2005-05-30 08:32:04,1
570,2005-05-28 10:17:41,4250,516,2005-06-05 07:56:41,1
571,2005-05-28 10:30:13,1899,337,2005-06-02 05:04:13,2
572,2005-05-28 10:35:23,4020,1,2005-06-03 06:32:23,1
573,2005-05-28 10:44:28,3883,76,2005-06-04 11:42:28,1
574,2005-05-28 10:56:09,4451,142,2005-06-05 15:39:09,1
575,2005-05-28 10:56:10,1866,588,2005-06-04 13:15:10,2
576,2005-05-28 11:09:14,375,6,2005-06-01 13:27:14,2
577,2005-05-28 11:15:48,2938,173,2005-06-02 09:59:48,1
578,2005-05-28 11:19:23,3481,181,2005-06-02 13:51:23,1
579,2005-05-28 11:19:53,3515,17,2005-06-01 10:44:53,2
580,2005-05-28 11:20:29,1380,186,2005-06-04 12:37:29,2
581,2005-05-28 11:33:46,4579,198,2005-05-29 08:33:46,1
582,2005-05-28 11:48:55,2679,386,2005-06-04 07:09:55,2
583,2005-05-28 11:49:00,1833,69,2005-06-01 11:54:00,1
584,2005-05-28 11:50:45,3544,490,2005-06-03 15:35:45,2
585,2005-05-28 12:03:00,898,77,2005-05-29 13:16:00,1
586,2005-05-28 12:05:33,1413,64,2005-05-30 13:45:33,2
587,2005-05-28 12:08:37,95,89,2005-05-29 16:25:37,2
588,2005-05-28 12:27:50,4231,308,2005-06-03 07:15:50,2
589,2005-05-28 13:06:50,473,462,2005-06-02 09:18:50,1
590,2005-05-28 13:11:04,377,19,2005-05-29 17:20:04,2
591,2005-05-28 13:21:08,638,244,2005-05-29 16:55:08,1
592,2005-05-28 13:33:23,1810,16,2005-05-30 17:10:23,2
593,2005-05-28 13:41:56,2766,538,2005-05-30 12:00:56,1
594,2005-05-28 13:59:54,595,294,2005-06-05 15:16:54,1
595,2005-05-28 14:00:03,821,589,2005-05-29 17:10:03,1
596,2005-05-28 14:01:02,4469,249,2005-06-06 19:06:02,2
597,2005-05-28 14:04:50,599,159,2005-06-03 18:00:50,2
598,2005-05-28 14:05:57,4136,393,2005-06-01 16:41:57,2
599,2005-05-28 14:08:19,1567,332,2005-06-03 11:57:19,2
600,2005-05-28 14:08:22,3225,429,2005-06-04 10:50:22,1
601,2005-05-28 14:15:54,1300,590,2005-06-05 15:16:54,2
602,2005-05-28 14:27:51,3248,537,2005-05-29 13:13:51,1
603,2005-05-28 14:37:07,1585,426,2005-06-03 11:03:07,2
604,2005-05-28 14:39:10,4232,501,2005-06-01 09:28:10,2
605,2005-05-28 14:48:39,3509,299,2005-06-04 09:44:39,2
606,2005-05-28 15:02:41,2561,554,2005-05-30 12:54:41,2
607,2005-05-28 15:03:44,4254,494,2005-06-04 17:14:44,2
608,2005-05-28 15:04:02,2944,150,2005-06-05 14:47:02,2
609,2005-05-28 15:15:25,3642,500,2005-06-02 12:30:25,2
610,2005-05-28 15:18:18,1230,580,2005-05-31 20:15:18,2
611,2005-05-28 15:24:54,2180,161,2005-05-30 14:22:54,2
612,2005-05-28 15:27:22,270,595,2005-06-02 20:01:22,1
613,2005-05-28 15:33:28,280,307,2005-06-04 12:27:28,2
614,2005-05-28 15:35:52,3397,533,2005-06-03 17:35:52,2
615,2005-05-28 15:45:39,989,471,2005-06-02 09:55:39,1
616,2005-05-28 15:49:14,4142,372,2005-05-31 14:29:14,2
617,2005-05-28 15:50:07,4445,248,2005-06-01 19:45:07,1
618,2005-05-28 15:52:26,2482,407,2005-06-06 17:55:26,2
619,2005-05-28 15:54:45,2444,321,2005-06-04 20:26:45,1
620,2005-05-28 15:58:12,1144,239,2005-05-30 21:54:12,1
621,2005-05-28 15:58:22,2363,109,2005-06-04 10:13:22,1
622,2005-05-28 16:01:28,1222,495,2005-05-30 11:19:28,1
623,2005-05-28 16:13:22,3660,569,2005-06-06 20:35:22,1
624,2005-05-28 16:35:46,2889,596,2005-06-01 14:19:46,1
625,2005-05-28 16:58:09,452,584,2005-06-01 14:02:09,2
626,2005-05-28 17:04:43,425,241,2005-06-04 19:58:43,2
627,2005-05-28 17:05:46,2513,173,2005-06-06 16:29:46,2
628,2005-05-28 17:19:15,1527,94,2005-06-02 20:01:15,2
629,2005-05-28 17:24:51,1254,417,2005-06-05 20:05:51,2
630,2005-05-28 17:36:32,2465,503,2005-06-03 14:56:32,2
631,2005-05-28 17:37:50,1287,442,2005-06-03 16:04:50,1
632,2005-05-28 17:37:59,58,360,2005-06-03 22:49:59,2
633,2005-05-28 17:40:35,2630,428,2005-06-05 16:18:35,2
634,2005-05-28 17:46:57,1648,42,2005-06-06 18:24:57,1
635,2005-05-28 17:47:58,4213,239,2005-06-04 16:32:58,1
636,2005-05-28 18:14:29,1581,250,2005-05-29 23:48:29,2
637,2005-05-28 18:24:43,2685,372,2005-06-02 19:03:43,2
638,2005-05-28 18:25:02,4204,198,2005-05-29 18:22:02,1
639,2005-05-28 18:43:26,495,465,2005-05-30 13:39:26,1
640,2005-05-28 18:45:47,3548,396,2005-06-04 15:24:47,1
641,2005-05-28 18:49:12,140,157,2005-06-01 20:50:12,2
642,2005-05-28 18:52:11,3105,240,2005-05-31 15:15:11,2
643,2005-05-28 18:59:12,4304,316,2005-06-04 18:06:12,1
644,2005-05-28 19:14:09,3128,505,2005-06-05 14:01:09,1
645,2005-05-28 19:16:14,1922,185,2005-05-31 16:50:14,2
646,2005-05-28 19:22:52,3435,569,2005-06-01 00:10:52,1
647,2005-05-28 19:25:54,3476,253,2005-06-03 15:57:54,2
648,2005-05-28 19:35:45,1781,197,2005-06-05 16:00:45,1
649,2005-05-28 19:45:40,4384,281,2005-05-29 21:02:40,1
650,2005-05-28 19:46:50,739,266,2005-05-30 16:29:50,1
651,2005-05-28 20:08:47,1201,43,2005-05-29 14:57:47,2
652,2005-05-28 20:12:20,126,327,2005-06-04 14:44:20,2
653,2005-05-28 20:15:30,2312,23,2005-05-30 22:02:30,2
654,2005-05-28 20:16:20,331,287,2005-05-31 16:46:20,2
655,2005-05-28 20:18:24,2846,437,2005-05-30 16:19:24,1
656,2005-05-28 20:23:09,848,65,2005-06-01 02:11:09,1
657,2005-05-28 20:23:23,3226,103,2005-06-06 19:31:23,2
658,2005-05-28 20:27:53,1382,207,2005-05-31 01:36:53,2
659,2005-05-28 20:53:31,1414,578,2005-05-30 15:26:31,1
660,2005-05-28 21:01:25,2247,51,2005-06-02 01:22:25,2
661,2005-05-28 21:09:31,2968,166,2005-06-01 19:00:31,2
662,2005-05-28 21:23:02,3997,176,2005-06-02 17:39:02,2
663,2005-05-28 21:31:08,87,523,2005-06-02 20:56:08,2
664,2005-05-28 21:38:39,1012,415,2005-05-29 21:37:39,1
665,2005-05-28 21:48:51,3075,437,2005-06-05 16:45:51,2
666,2005-05-28 21:49:02,797,596,2005-05-31 03:07:02,1
667,2005-05-28 21:54:45,3528,484,2005-05-29 22:32:45,1
668,2005-05-28 22:03:25,3677,313,2005-06-03 03:39:25,1
669,2005-05-28 22:04:03,227,201,2005-06-06 22:43:03,2
670,2005-05-28 22:04:30,1027,14,2005-06-03 01:21:30,2
671,2005-05-28 22:05:29,697,306,2005-06-06 02:10:29,2
672,2005-05-28 22:07:30,1769,468,2005-06-01 23:42:30,1
673,2005-05-28 22:11:35,1150,87,2005-06-01 23:58:35,2
674,2005-05-28 22:22:44,1273,338,2005-06-01 02:57:44,2
675,2005-05-28 22:27:51,2329,490,2005-05-29 20:36:51,2
676,2005-05-28 23:00:08,4558,194,2005-06-05 19:11:08,2
677,2005-05-28 23:15:48,3741,269,2005-06-03 04:43:48,2
678,2005-05-28 23:24:57,907,526,2005-06-06 21:59:57,2
679,2005-05-28 23:27:26,4147,482,2005-06-02 02:28:26,2
680,2005-05-28 23:39:44,3346,531,2005-06-01 01:42:44,1
681,2005-05-28 23:53:18,3160,148,2005-05-29 19:14:18,2
682,2005-05-29 00:09:48,2038,197,2005-06-02 04:27:48,1
683,2005-05-29 00:13:15,3242,461,2005-06-04 21:26:15,2
684,2005-05-29 00:17:51,1385,172,2005-06-05 05:32:51,2
685,2005-05-29 00:27:10,2441,411,2005-05-30 02:29:10,1
686,2005-05-29 00:32:09,1731,250,2005-05-31 23:53:09,1
687,2005-05-29 00:45:24,4135,162,2005-06-02 01:30:24,1
688,2005-05-29 00:46:53,742,571,2005-06-03 23:48:53,2
689,2005-05-29 00:54:53,2646,85,2005-06-06 00:45:53,1
690,2005-05-29 01:01:26,4034,433,2005-06-07 06:21:26,1
691,2005-05-29 01:32:10,800,18,2005-06-02 03:54:10,2
692,2005-05-29 01:42:31,635,190,2005-06-03 02:29:31,2
693,2005-05-29 01:49:43,592,399,2005-06-05 06:52:43,1
694,2005-05-29 01:50:53,4276,528,2005-06-03 02:28:53,1
695,2005-05-29 01:59:10,2076,19,2005-06-01 02:45:10,1
696,2005-05-29 02:04:04,3949,387,2005-06-04 00:47:04,2
697,2005-05-29 02:10:52,1412,109,2005-06-01 21:52:52,1
698,2005-05-29 02:11:44,130,246,2005-06-04 20:23:44,2
699,2005-05-29 02:18:54,500,117,2005-05-30 05:54:54,1
700,2005-05-29 02:26:27,372,112,2005-06-03 04:59:27,1
701,2005-05-29 02:27:30,2556,475,2005-05-30 01:52:30,2
702,2005-05-29 02:29:36,1123,269,2005-06-03 04:54:36,2
703,2005-05-29 02:44:43,2628,330,2005-06-06 01:51:43,2
704,2005-05-29 02:48:52,2809,257,2005-05-30 06:21:52,1
705,2005-05-29 03:05:49,2278,60,2005-06-04 22:48:49,1
706,2005-05-29 03:18:19,819,252,2005-05-30 02:45:19,1
707,2005-05-29 03:23:47,3133,127,2005-05-31 21:27:47,2
708,2005-05-29 03:48:01,2459,479,2005-06-06 05:21:01,1
709,2005-05-29 03:48:36,194,518,2005-06-03 05:03:36,1
710,2005-05-29 03:49:03,4581,215,2005-05-31 08:29:03,2
711,2005-05-29 04:02:24,4191,313,2005-05-30 03:09:24,2
712,2005-05-29 04:10:17,3664,507,2005-06-07 07:13:17,1
713,2005-05-29 04:15:21,2010,452,2005-06-01 23:05:21,2
714,2005-05-29 04:22:41,2030,545,2005-06-05 09:28:41,1
715,2005-05-29 04:35:29,85,36,2005-06-01 07:42:29,2
716,2005-05-29 04:37:44,1383,412,2005-05-30 05:48:44,2
717,2005-05-29 04:52:23,1736,498,2005-06-02 02:27:23,1
718,2005-05-29 05:16:05,267,245,2005-06-01 07:53:05,2
719,2005-05-29 05:17:30,3687,480,2005-06-06 02:47:30,2
720,2005-05-29 05:28:47,1116,44,2005-05-31 11:24:47,1
721,2005-05-29 05:30:31,4540,259,2005-06-06 04:51:31,1
722,2005-05-29 05:34:44,3407,309,2005-05-30 05:50:44,1
723,2005-05-29 05:53:23,3770,416,2005-06-05 04:01:23,2
724,2005-05-29 06:03:41,4088,245,2005-06-03 08:52:41,2
725,2005-05-29 06:05:29,933,452,2005-06-05 04:40:29,2
726,2005-05-29 06:08:15,1629,484,2005-05-30 07:16:15,1
727,2005-05-29 06:12:38,242,551,2005-06-03 07:41:38,1
728,2005-05-29 06:35:13,1688,323,2005-06-04 03:23:13,2
729,2005-05-29 07:00:59,3473,197,2005-06-06 01:17:59,1
730,2005-05-29 07:25:16,4124,5,2005-05-30 05:21:16,1
731,2005-05-29 07:32:51,2530,447,2005-05-30 10:08:51,2
732,2005-05-29 07:35:21,2951,363,2005-06-05 09:14:21,1
733,2005-05-29 07:38:52,3084,538,2005-06-03 10:17:52,2
734,2005-05-29 08:08:13,3421,454,2005-06-07 13:35:13,1
735,2005-05-29 08:10:07,3689,276,2005-06-05 10:21:07,2
736,2005-05-29 08:11:31,769,589,2005-06-04 11:18:31,2
737,2005-05-29 08:20:08,2284,256,2005-06-06 08:59:08,2
738,2005-05-29 08:28:18,1183,84,2005-06-06 09:21:18,2
739,2005-05-29 08:30:36,600,89,2005-06-04 12:47:36,2
740,2005-05-29 08:35:49,3189,495,2005-06-04 11:55:49,1
741,2005-05-29 08:36:30,273,483,2005-06-05 11:30:30,1
742,2005-05-29 08:39:02,2528,548,2005-06-06 08:42:02,2
743,2005-05-29 09:13:08,3722,420,2005-06-01 07:05:08,2
744,2005-05-29 09:22:57,581,152,2005-06-01 09:10:57,1
745,2005-05-29 09:25:10,4272,130,2005-06-02 04:20:10,2
746,2005-05-29 09:26:34,1993,291,2005-06-05 07:28:34,1
747,2005-05-29 09:27:00,2803,7,2005-06-03 04:25:00,1
748,2005-05-29 09:33:33,1146,375,2005-05-31 11:45:33,2
749,2005-05-29 09:41:40,730,269,2005-05-30 13:31:40,1
750,2005-05-29 09:55:43,2711,53,2005-06-02 04:54:43,1
751,2005-05-29 10:14:15,1720,126,2005-06-04 06:30:15,1
752,2005-05-29 10:16:42,1021,135,2005-06-05 08:52:42,2
753,2005-05-29 10:18:59,734,281,2005-06-04 05:03:59,2
754,2005-05-29 10:26:29,3090,576,2005-06-01 10:25:29,2
755,2005-05-29 10:28:45,3152,201,2005-06-04 12:50:45,1
756,2005-05-29 10:29:47,1067,435,2005-06-07 15:27:47,1
757,2005-05-29 10:31:56,1191,563,2005-06-01 14:53:56,2
758,2005-05-29 10:57:57,2367,179,2005-06-07 16:23:57,2
759,2005-05-29 11:07:25,3250,77,2005-06-02 14:16:25,1
760,2005-05-29 11:09:01,2342,58,2005-06-03 16:18:01,2
761,2005-05-29 11:15:51,3683,146,2005-06-06 07:48:51,1
762,2005-05-29 11:32:15,2022,50,2005-05-31 17:31:15,1
763,2005-05-29 11:37:35,1069,149,2005-05-31 16:47:35,1
764,2005-05-29 11:38:34,515,69,2005-06-02 17:04:34,1
765,2005-05-29 11:47:02,2154,383,2005-06-06 07:14:02,1
766,2005-05-29 12:20:19,687,67,2005-06-02 14:15:19,2
767,2005-05-29 12:30:46,2895,566,2005-06-07 09:00:46,2
768,2005-05-29 12:51:44,1523,575,2005-06-01 17:43:44,1
769,2005-05-29 12:56:50,2491,405,2005-06-07 15:54:50,2
770,2005-05-29 12:59:14,353,476,2005-06-01 16:05:14,2
771,2005-05-29 13:08:06,3319,556,2005-06-06 08:19:06,1
772,2005-05-29 13:18:05,245,563,2005-06-07 17:22:05,1
773,2005-05-29 13:19:43,1188,575,2005-06-01 18:51:43,1
774,2005-05-29 13:23:26,1197,124,2005-05-30 07:53:26,2
775,2005-05-29 13:35:35,4339,113,2005-06-03 17:33:35,1
776,2005-05-29 14:07:58,451,360,2005-06-03 08:41:58,2
777,2005-05-29 14:09:53,1816,535,2005-06-05 20:05:53,1
778,2005-05-29 14:17:17,533,105,2005-06-06 16:46:17,1
779,2005-05-29 14:18:32,1919,300,2005-06-06 20:14:32,1
780,2005-05-29 14:23:58,88,313,2005-05-30 17:44:58,1
781,2005-05-29 14:38:57,2255,596,2005-06-02 13:18:57,2
782,2005-05-29 14:41:18,3046,53,2005-06-06 10:39:18,2
783,2005-05-29 14:44:22,2936,352,2005-06-01 17:28:22,2
784,2005-05-29 15:08:41,39,72,2005-05-30 15:51:41,1
785,2005-05-29 15:17:28,2637,439,2005-06-07 10:07:28,2
786,2005-05-29 16:03:03,3919,27,2005-06-07 11:07:03,2
787,2005-05-29 16:13:55,763,562,2005-05-31 16:40:55,1
788,2005-05-29 16:17:07,708,553,2005-06-06 18:15:07,1
789,2005-05-29 16:19:29,2858,593,2005-06-02 17:22:29,2
790,2005-05-29 16:30:42,1554,284,2005-06-01 19:11:42,1
791,2005-05-29 16:32:10,2841,261,2005-05-31 18:01:10,1
792,2005-05-29 16:44:08,379,528,2005-06-06 19:21:08,2
793,2005-05-29 16:44:11,1995,50,2005-06-05 16:11:11,1
794,2005-05-29 16:57:39,609,551,2005-06-01 11:33:39,2
795,2005-05-29 16:59:44,2697,26,2005-06-03 16:22:44,2
796,2005-05-29 17:12:17,1446,244,2005-06-03 16:06:17,1
797,2005-05-29 17:23:43,1102,134,2005-06-01 13:06:43,2
798,2005-05-29 17:24:48,1713,429,2005-06-05 12:25:48,1
799,2005-05-29 17:28:12,441,472,2005-05-30 14:59:12,1
800,2005-05-29 17:35:50,1642,402,2005-06-04 17:05:50,2
801,2005-05-29 17:38:59,785,350,2005-05-31 22:42:59,2
802,2005-05-29 17:52:30,1602,32,2005-05-30 14:35:30,2
803,2005-05-29 18:10:24,3909,171,2005-06-06 22:53:24,1
804,2005-05-29 18:18:18,3132,232,2005-06-07 15:11:18,2
805,2005-05-29 18:31:30,2386,435,2005-05-31 00:18:30,2
806,2005-05-29 18:50:50,2195,235,2005-06-03 18:36:50,2
807,2005-05-29 19:08:20,1928,104,2005-06-06 20:32:20,2
808,2005-05-29 19:10:20,2114,222,2005-06-05 19:05:20,2
809,2005-05-29 19:12:04,2533,346,2005-06-04 21:12:04,2
810,2005-05-29 19:30:42,4419,401,2005-06-02 16:19:42,2
811,2005-05-29 20:00:30,1099,225,2005-05-30 19:43:30,2
812,2005-05-29 20:14:34,4554,344,2005-06-05 20:56:34,1
813,2005-05-29 20:16:12,1572,134,2005-06-07 17:47:12,1
814,2005-05-29 20:24:28,3757,14,2005-06-03 15:32:28,1
815,2005-05-29 20:26:39,630,474,2005-06-06 22:31:39,2
816,2005-05-29 20:39:14,186,554,2005-05-31 18:24:14,1
817,2005-05-29 20:47:53,4106,321,2005-06-02 23:18:53,2
818,2005-05-29 21:00:32,623,511,2005-06-02 15:15:32,2
819,2005-05-29 21:07:22,2584,22,2005-06-07 00:22:22,2
820,2005-05-29 21:31:12,3380,348,2005-06-04 22:49:12,1
821,2005-05-29 21:36:00,2634,480,2005-06-07 17:24:00,1
822,2005-05-29 21:39:37,3249,441,2005-05-30 22:06:37,1
823,2005-05-29 21:45:32,3518,357,2005-05-31 19:01:32,1
824,2005-05-29 21:49:41,712,371,2005-06-04 20:27:41,2
825,2005-05-29 21:56:15,2263,207,2005-06-08 03:18:15,1
826,2005-05-29 21:58:43,62,573,2005-06-06 00:54:43,1
827,2005-05-29 22:14:55,2468,217,2005-05-30 17:22:55,1
828,2005-05-29 22:16:42,1684,371,2005-06-06 01:38:42,1
829,2005-05-29 22:43:55,3464,3,2005-06-01 17:43:55,1
830,2005-05-29 22:50:25,3912,509,2005-06-06 02:27:25,1
831,2005-05-29 22:51:20,1381,159,2005-06-07 17:37:20,2
832,2005-05-29 23:21:56,2898,417,2005-06-02 18:40:56,1
833,2005-05-29 23:24:30,3628,84,2005-05-30 22:00:30,2
834,2005-05-29 23:37:00,299,381,2005-06-02 23:38:00,1
835,2005-05-29 23:56:42,3140,368,2005-05-31 04:11:42,2
836,2005-05-30 00:02:08,977,172,2005-06-02 05:31:08,2
837,2005-05-30 00:27:57,2859,504,2005-06-06 22:19:57,2
838,2005-05-30 00:28:12,1886,337,2005-06-08 02:43:12,1
839,2005-05-30 00:28:41,4049,79,2005-05-31 20:39:41,2
840,2005-05-30 00:31:17,4318,387,2005-06-02 19:14:17,1
841,2005-05-30 00:32:04,2328,238,2005-06-01 02:21:04,1
842,2005-05-30 00:44:24,2214,313,2005-05-31 00:58:24,2
843,2005-05-30 00:58:20,536,429,2005-06-01 00:38:20,1
844,2005-05-30 01:17:25,2001,72,2005-06-07 02:00:25,1
845,2005-05-30 01:17:45,938,49,2005-06-01 00:56:45,2
846,2005-05-30 01:18:15,4387,380,2005-06-06 20:20:15,2
847,2005-05-30 01:19:53,1363,436,2005-06-05 23:40:53,1
848,2005-05-30 01:23:07,2424,449,2005-06-07 01:50:07,1
849,2005-05-30 01:35:12,2390,517,2005-05-31 01:51:12,1
850,2005-05-30 01:35:15,2780,530,2005-06-06 07:27:15,1
851,2005-05-30 01:36:57,1622,549,2005-06-01 22:44:57,1
852,2005-05-30 01:43:31,3693,122,2005-06-01 02:05:31,1
853,2005-05-30 01:56:11,921,369,2005-06-01 06:34:11,2
854,2005-05-30 02:00:28,2527,406,2005-06-03 20:16:28,2
855,2005-05-30 02:01:21,3969,53,2005-06-07 03:25:21,1
856,2005-05-30 02:01:23,2569,204,2005-06-02 06:07:23,2
857,2005-05-30 02:10:32,1258,358,2005-06-01 04:42:32,1
858,2005-05-30 02:36:20,3032,79,2005-06-02 07:49:20,2
859,2005-05-30 02:45:16,578,276,2005-06-08 07:28:16,1
860,2005-05-30 02:48:32,3711,502,2005-06-06 05:43:32,1
861,2005-05-30 03:09:11,1186,328,2005-06-03 21:27:11,1
862,2005-05-30 03:14:59,3999,379,2005-06-05 04:34:59,2
863,2005-05-30 03:27:17,2777,544,2005-06-06 08:28:17,1
864,2005-05-30 03:39:44,3183,154,2005-06-07 08:10:44,2
865,2005-05-30 03:43:54,2867,8,2005-06-08 04:28:54,1
866,2005-05-30 03:54:43,3389,99,2005-06-01 22:59:43,1
867,2005-05-30 04:19:55,3604,28,2005-05-31 02:28:55,1
868,2005-05-30 04:22:06,3399,296,2005-06-03 09:18:06,2
869,2005-05-30 04:25:47,2903,391,2005-06-06 04:32:47,1
870,2005-05-30 05:01:30,4573,303,2005-06-04 06:22:30,2
871,2005-05-30 05:03:04,3904,548,2005-06-06 10:35:04,1
872,2005-05-30 05:15:20,4568,375,2005-06-07 00:49:20,2
873,2005-05-30 05:36:21,363,52,2005-06-01 09:32:21,1
874,2005-05-30 05:38:24,1428,326,2005-06-06 00:34:24,2
875,2005-05-30 05:41:22,1471,339,2005-06-07 09:06:22,2
876,2005-05-30 05:48:59,886,9,2005-06-02 09:30:59,1
877,2005-05-30 05:49:13,4265,323,2005-06-07 04:35:13,1
878,2005-05-30 05:49:42,4021,482,2005-06-05 01:45:42,2
879,2005-05-30 06:12:33,1819,460,2005-06-02 04:35:33,2
880,2005-05-30 06:15:36,602,242,2005-06-02 10:21:36,1
881,2005-05-30 06:16:06,3841,477,2005-06-02 11:57:06,1
882,2005-05-30 06:21:05,2271,399,2005-06-07 04:50:05,2
883,2005-05-30 06:41:32,4079,17,2005-05-31 07:39:32,1
884,2005-05-30 06:54:28,646,62,2005-06-03 07:03:28,2
885,2005-05-30 06:54:51,4356,393,2005-06-01 06:04:51,2
886,2005-05-30 07:10:00,2727,16,2005-06-01 06:48:00,2
887,2005-05-30 07:13:14,387,128,2005-06-06 09:50:14,1
888,2005-05-30 07:14:53,1299,114,2005-05-31 07:56:53,2
889,2005-05-30 07:43:04,1464,349,2005-06-01 11:26:04,1
890,2005-05-30 07:43:12,2611,391,2005-06-08 09:21:12,1
891,2005-05-30 08:02:56,471,274,2005-06-05 12:51:56,1
892,2005-05-30 08:06:59,3260,502,2005-06-07 08:23:59,2
893,2005-05-30 08:31:31,1118,400,2005-06-07 12:39:31,1
894,2005-05-30 08:50:43,2744,192,2005-06-05 10:58:43,1
895,2005-05-30 09:03:52,2817,207,2005-06-05 07:37:52,2
896,2005-05-30 09:10:01,1334,432,2005-06-08 03:43:01,1
897,2005-05-30 09:26:19,3497,384,2005-06-01 10:45:19,2
898,2005-05-30 09:29:30,1096,156,2005-06-06 12:39:30,2
899,2005-05-30 09:38:41,3543,586,2005-06-07 11:54:41,1
900,2005-05-30 09:40:40,760,259,2005-06-02 10:32:40,1
901,2005-05-30 09:53:36,1514,561,2005-06-07 12:10:36,1
902,2005-05-30 10:11:29,2423,197,2005-06-03 09:33:29,1
903,2005-05-30 10:19:42,2466,44,2005-06-05 04:58:42,2
904,2005-05-30 10:25:00,4372,50,2005-06-06 06:23:00,1
905,2005-05-30 10:30:38,1862,549,2005-06-07 06:44:38,2
906,2005-05-30 10:37:27,3320,506,2005-06-02 09:51:27,1
907,2005-05-30 10:38:37,4427,85,2005-06-03 09:56:37,1
908,2005-05-30 10:43:38,3775,486,2005-06-08 12:07:38,1
909,2005-05-30 10:46:16,2601,374,2005-06-04 13:32:16,1
910,2005-05-30 10:50:22,1404,366,2005-06-07 12:26:22,2
911,2005-05-30 10:58:33,3200,390,2005-05-31 09:31:33,2
912,2005-05-30 11:04:58,3213,369,2005-06-07 13:22:58,2
913,2005-05-30 11:06:00,1393,596,2005-06-04 06:07:00,2
914,2005-05-30 11:20:27,1859,115,2005-06-02 11:55:27,1
915,2005-05-30 11:25:01,1290,6,2005-05-31 09:06:01,1
916,2005-05-30 11:27:06,3629,385,2005-06-02 08:31:06,1
917,2005-05-30 11:32:24,818,197,2005-05-31 07:55:24,2
918,2005-05-30 11:35:06,4052,374,2005-06-02 13:16:06,2
919,2005-05-30 11:44:01,3860,584,2005-06-02 08:19:01,2
920,2005-05-30 11:53:09,1827,508,2005-06-03 10:00:09,2
921,2005-05-30 11:55:55,2442,550,2005-06-08 10:12:55,2
922,2005-05-30 11:58:50,1884,37,2005-06-05 09:57:50,1
923,2005-05-30 12:10:59,3279,293,2005-06-04 17:28:59,1
924,2005-05-30 12:13:52,3203,137,2005-06-02 14:41:52,2
925,2005-05-30 12:15:54,4327,76,2005-06-01 08:53:54,2
926,2005-05-30 12:16:40,1158,167,2005-05-31 16:20:40,2
927,2005-05-30 12:27:14,246,79,2005-06-05 13:56:14,2
928,2005-05-30 12:32:39,4296,536,2005-06-06 12:17:39,1
929,2005-05-30 12:44:57,2835,141,2005-06-04 10:53:57,2
930,2005-05-30 12:53:01,3384,421,2005-05-31 14:28:01,1
931,2005-05-30 12:55:36,719,198,2005-05-31 10:30:36,2
932,2005-05-30 13:08:45,3672,66,2005-06-01 18:56:45,1
933,2005-05-30 13:24:46,3595,60,2005-06-08 16:44:46,2
934,2005-05-30 13:29:36,2421,256,2005-06-02 11:08:36,1
935,2005-05-30 13:52:49,901,469,2005-06-07 16:56:49,1
936,2005-05-30 14:47:31,1054,304,2005-06-05 09:53:31,2
937,2005-05-30 14:47:31,1521,46,2005-06-04 10:10:31,2
938,2005-05-30 14:49:34,1314,367,2005-06-01 19:00:34,1
939,2005-05-30 15:01:02,1278,534,2005-06-01 18:26:02,1
940,2005-05-30 15:02:25,3630,562,2005-06-01 17:19:25,1
941,2005-05-30 15:05:47,4279,473,2005-06-08 15:59:47,2
942,2005-05-30 15:20:19,3737,57,2005-06-06 18:53:19,1
943,2005-05-30 15:26:24,151,131,2005-06-07 18:09:24,2
944,2005-05-30 15:33:17,1441,357,2005-06-02 15:02:17,2
945,2005-05-30 15:35:08,1264,486,2005-06-08 11:38:08,1
946,2005-05-30 15:36:57,4478,62,2005-06-04 18:48:57,1
947,2005-05-30 15:44:27,585,245,2005-06-08 17:30:27,2
948,2005-05-30 15:50:39,2202,368,2005-06-03 14:25:39,1
949,2005-05-30 16:06:08,491,83,2005-06-01 11:43:08,1
950,2005-05-30 16:10:35,1395,59,2005-05-31 19:01:35,2
951,2005-05-30 16:28:07,4389,311,2005-06-02 16:12:07,2
952,2005-05-30 16:34:02,2194,210,2005-05-31 20:34:02,1
953,2005-05-30 16:57:29,1231,297,2005-06-08 13:30:29,2
954,2005-05-30 16:59:03,4140,301,2005-05-31 11:58:03,2
955,2005-05-30 17:30:28,647,296,2005-06-07 13:54:28,2
956,2005-05-30 17:53:29,4428,440,2005-06-03 15:31:29,2
957,2005-05-30 17:58:03,548,186,2005-06-01 19:17:03,2
958,2005-05-30 18:07:00,3108,535,2005-06-02 14:37:00,2
959,2005-05-30 18:13:23,1966,445,2005-06-04 00:12:23,2
960,2005-05-30 18:16:44,3293,588,2005-06-04 23:40:44,2
961,2005-05-30 18:45:17,4535,520,2005-06-05 22:47:17,1
962,2005-05-30 18:52:53,1921,225,2005-06-07 16:19:53,2
963,2005-05-30 18:53:21,657,287,2005-06-04 22:32:21,2
964,2005-05-30 19:00:14,3363,502,2005-05-31 17:10:14,2
965,2005-05-30 19:00:37,1294,496,2005-05-31 23:51:37,1
966,2005-05-30 19:12:06,1954,330,2005-06-09 00:02:06,2
967,2005-05-30 19:20:03,119,576,2005-05-31 18:17:03,2
968,2005-05-30 19:23:48,443,551,2005-05-31 21:14:48,1
969,2005-05-30 19:50:28,1520,307,2005-06-09 01:19:28,1
970,2005-05-30 20:10:52,2911,561,2005-06-06 20:47:52,1
971,2005-05-30 20:21:07,2,411,2005-06-06 00:36:07,1
972,2005-05-30 20:27:45,1914,473,2005-06-08 22:47:45,2
973,2005-05-30 20:28:42,2617,596,2005-06-08 23:45:42,2
974,2005-05-30 21:07:15,3109,7,2005-06-03 01:48:15,2
975,2005-05-30 21:11:19,2290,581,2005-06-06 02:16:19,2
976,2005-05-30 21:22:26,2029,394,2005-06-04 22:32:26,2
977,2005-05-30 21:30:52,407,154,2005-06-07 16:22:52,1
978,2005-05-30 21:37:11,3917,279,2005-06-08 00:24:11,2
979,2005-05-30 21:45:19,4169,273,2005-06-01 20:32:19,1
980,2005-05-30 21:52:42,2913,326,2005-06-01 03:15:42,2
981,2005-05-30 22:15:24,3560,524,2005-06-02 16:18:24,1
982,2005-05-30 22:15:51,63,115,2005-06-02 22:56:51,1
983,2005-05-30 22:17:17,2305,262,2005-06-01 20:15:17,2
984,2005-05-30 22:18:35,1573,564,2005-06-04 23:36:35,1
985,2005-05-30 22:22:52,4045,253,2005-06-01 02:24:52,1
986,2005-05-30 22:59:12,390,11,2005-06-07 20:56:12,1
987,2005-05-30 23:08:03,1364,12,2005-06-07 00:22:03,1
988,2005-05-30 23:11:51,4388,83,2005-06-03 20:36:51,2
989,2005-05-30 23:25:14,4171,311,2005-06-06 18:41:14,2
990,2005-05-30 23:29:22,2863,593,2005-06-07 23:16:22,1
991,2005-05-30 23:47:56,3572,123,2005-06-05 19:01:56,1
992,2005-05-30 23:54:19,2080,513,2005-06-04 21:27:19,1
993,2005-05-30 23:55:36,2798,472,2005-06-04 01:00:36,2
994,2005-05-31 00:06:02,17,150,2005-06-06 02:30:02,2
995,2005-05-31 00:06:20,2075,331,2005-05-31 21:29:20,2
996,2005-05-31 00:08:25,4243,216,2005-06-02 00:17:25,2
997,2005-05-31 00:16:57,3395,389,2005-06-01 22:41:57,1
998,2005-05-31 00:25:10,4433,413,2005-06-03 06:05:10,2
999,2005-05-31 00:25:56,1774,332,2005-06-08 19:42:56,2
1000,2005-05-31 00:46:31,1498,64,2005-06-06 06:14:31,2
