film_id,language_id,Unnamed: 2
1,1,
1,7,
2,1,
2,7,
3,1,
3,7,
4,1,
4,7,
5,1,
5,7,
6,1,
6,7,
7,1,
7,7,
8,1,
8,7,
9,1,
9,7,
10,1,
10,7,
11,1,
11,7,
12,1,
12,7,
13,1,
13,7,
14,1,
14,7,
15,1,
15,7,
16,1,
16,7,
17,1,
17,7,
18,1,
18,7,
19,1,
19,7,
20,1,
20,7,
21,1,
21,7,
22,1,
22,7,
23,1,
23,7,
24,1,
24,7,
25,1,
25,7,
26,1,
26,7,
27,1,
27,7,
28,1,
28,7,
29,1,
29,7,
30,1,
30,7,
31,1,
31,7,
32,1,
32,7,
33,1,
33,7,
34,1,
34,7,
35,1,
35,7,
36,1,
36,7,
37,1,
37,7,
38,1,
38,7,
39,1,
39,7,
40,1,
40,7,
41,1,
41,7,
42,1,
42,7,
43,1,
43,7,
44,1,
44,7,
45,1,
45,7,
46,1,
46,7,
47,1,
47,7,
48,1,
48,7,
49,1,
49,7,
50,1,
50,7,
51,1,
51,7,
52,1,
52,7,
53,1,
53,7,
54,1,
54,7,
55,1,
55,7,
56,1,
56,7,
57,1,
57,7,
58,1,
58,7,
59,1,
59,7,
60,1,
60,7,
61,1,
61,7,
62,1,
62,7,
63,1,
63,7,
64,1,
64,7,
65,1,
65,7,
66,1,
66,7,
67,1,
67,7,
68,1,
68,7,
69,1,
69,7,
70,1,
70,7,
71,1,
71,7,
72,1,
72,7,
73,1,
73,7,
74,1,
74,7,
75,1,
75,7,
76,1,
76,7,
77,1,
77,7,
78,1,
78,7,
79,1,
79,7,
80,1,
80,7,
81,1,
81,7,
82,1,
82,7,
83,1,
83,7,
84,1,
84,7,
85,1,
85,7,
86,1,
86,7,
87,1,
87,7,
88,1,
88,7,
89,1,
89,7,
90,1,
90,7,
91,1,
91,7,
92,1,
92,7,
93,1,
93,7,
94,1,
94,7,
95,1,
95,7,
96,1,
96,7,
97,1,
97,7,
98,1,
98,7,
99,1,
99,7,
100,1,
100,7,
101,1,
101,7,
102,1,
102,7,
103,1,
103,7,
104,1,
104,7,
105,1,
105,7,
106,1,
106,7,
107,1,
107,7,
108,1,
108,7,
109,1,
109,7,
110,1,
110,7,
111,1,
111,7,
112,1,
112,7,
113,1,
113,7,
114,1,
114,7,
115,1,
115,7,
116,1,
116,7,
117,1,
117,7,
118,1,
118,7,
119,1,
119,7,
120,1,
120,7,
121,1,
121,7,
122,1,
122,7,
123,1,
123,7,
124,1,
124,7,
125,1,
125,7,
126,1,
126,7,
127,1,
127,7,
128,1,
128,7,
129,1,
129,7,
130,1,
130,7,
131,1,
131,7,
132,1,
132,7,
133,1,
133,7,
134,1,
134,7,
135,1,
135,7,
136,1,
136,7,
137,1,
137,7,
138,1,
138,7,
139,1,
139,7,
140,1,
140,7,
141,1,
141,7,
142,1,
142,7,
143,1,
143,7,
144,1,
144,7,
145,1,
145,7,
146,1,
146,7,
147,1,
147,7,
148,1,
148,7,
149,1,
149,7,
150,1,
150,7,
151,1,
151,7,
152,1,
152,7,
153,1,
153,7,
154,1,
154,7,
155,1,
155,7,
156,1,
156,7,
157,1,
157,7,
158,1,
158,7,
159,1,
159,7,
160,1,
160,7,
161,1,
161,7,
162,1,
162,7,
163,1,
163,7,
164,1,
164,7,
165,1,
165,7,
166,1,
166,7,
167,1,
167,7,
168,1,
168,7,
169,1,
169,7,
170,1,
170,7,
171,1,
171,7,
172,1,
172,7,
173,1,
173,7,
174,1,
174,7,
175,1,
175,7,
176,1,
176,7,
177,1,
177,7,
178,1,
178,7,
179,1,
179,7,
180,1,
180,7,
181,1,
181,7,
182,1,
182,7,
183,1,
183,7,
184,1,
184,7,
185,1,
185,7,
186,1,
186,7,
187,1,
187,7,
188,1,
188,7,
189,1,
189,7,
190,1,
190,7,
191,1,
191,7,
192,1,
192,7,
193,1,
193,7,
194,1,
194,7,
195,1,
195,7,
196,1,
196,7,
197,1,
197,7,
198,1,
198,7,
199,1,
199,7,
200,1,
200,7,
201,1,
201,7,
202,1,
202,7,
203,1,
203,7,
204,1,
204,7,
205,1,
205,7,
206,1,
206,7,
207,1,
207,7,
208,1,
208,7,
209,1,
209,7,
210,1,
210,7,
211,1,
211,7,
212,1,
212,7,
213,1,
213,7,
214,1,
214,7,
215,1,
215,7,
216,1,
216,7,
217,1,
217,7,
218,1,
218,7,
219,1,
219,7,
220,1,
220,7,
221,1,
221,7,
222,1,
222,7,
223,1,
223,7,
224,1,
224,7,
225,1,
225,7,
226,1,
226,7,
227,1,
227,7,
228,1,
228,7,
229,1,
229,7,
230,1,
230,7,
231,1,
231,7,
232,1,
232,7,
233,1,
233,7,
234,1,
234,7,
235,1,
235,7,
236,1,
236,7,
237,1,
237,7,
238,1,
238,7,
239,1,
239,7,
240,1,
240,7,
241,1,
241,7,
242,1,
242,7,
243,1,
243,7,
244,1,
244,7,
245,1,
245,7,
246,1,
246,7,
247,1,
247,7,
248,1,
248,7,
249,1,
249,7,
250,1,
250,7,
251,1,
251,7,
252,1,
252,7,
253,1,
253,7,
254,1,
254,7,
255,1,
255,7,
256,1,
256,7,
257,1,
257,7,
258,1,
258,7,
259,1,
259,7,
260,1,
260,7,
261,1,
261,7,
262,1,
262,7,
263,1,
263,7,
264,1,
264,7,
265,1,
265,7,
266,1,
266,7,
267,1,
267,7,
268,1,
268,7,
269,1,
269,7,
270,1,
270,7,
271,1,
271,7,
272,1,
272,7,
273,1,
273,7,
274,1,
274,7,
275,1,
275,7,
276,1,
276,7,
277,1,
277,7,
278,1,
278,7,
279,1,
279,7,
280,1,
280,7,
281,1,
281,7,
282,1,
282,7,
283,1,
283,7,
284,1,
284,7,
285,1,
285,7,
286,1,
286,7,
287,1,
287,7,
288,1,
288,7,
289,1,
289,7,
290,1,
290,7,
291,1,
291,7,
292,1,
292,7,
293,1,
293,7,
294,1,
294,7,
295,1,
295,7,
296,1,
296,7,
297,1,
297,7,
298,1,
298,7,
299,1,
299,7,
300,1,
300,7,
301,1,
301,7,
302,1,
302,7,
303,1,
303,7,
304,1,
304,7,
305,1,
305,7,
306,1,
306,7,
307,1,
307,7,
308,1,
308,7,
309,1,
309,7,
310,1,
310,7,
311,1,
311,7,
312,1,
312,7,
313,1,
313,7,
314,1,
314,7,
315,1,
315,7,
316,1,
316,7,
317,1,
317,7,
318,1,
318,7,
319,1,
319,7,
320,1,
320,7,
321,1,
321,7,
322,1,
322,7,
323,1,
323,7,
324,1,
324,7,
325,1,
325,7,
326,1,
326,7,
327,1,
327,7,
328,1,
328,7,
329,1,
329,7,
330,1,
330,7,
331,1,
331,7,
332,1,
332,7,
333,1,
333,7,
334,1,
334,7,
335,1,
335,7,
336,1,
336,7,
337,1,
337,7,
338,1,
338,7,
339,1,
339,7,
340,1,
340,7,
341,1,
341,7,
342,1,
342,7,
343,1,
343,7,
344,1,
344,7,
345,1,
345,7,
346,1,
346,7,
347,1,
347,7,
348,1,
348,7,
349,1,
349,7,
350,1,
350,7,
351,1,
351,7,
352,1,
352,7,
353,1,
353,7,
354,1,
354,7,
355,1,
355,7,
356,1,
356,7,
357,1,
357,7,
358,1,
358,7,
359,1,
359,7,
360,1,
360,7,
361,1,
361,7,
362,1,
362,7,
363,1,
363,7,
364,1,
364,7,
365,1,
365,7,
366,1,
366,7,
367,1,
367,7,
368,1,
368,7,
369,1,
369,7,
370,1,
370,7,
371,1,
371,7,
372,1,
372,7,
373,1,
373,7,
374,1,
374,7,
375,1,
375,7,
376,1,
376,7,
377,1,
377,7,
378,1,
378,7,
379,1,
379,7,
380,1,
380,7,
381,1,
381,7,
382,1,
382,7,
383,1,
383,7,
384,1,
384,7,
385,1,
385,7,
386,1,
386,7,
387,1,
387,7,
388,1,
388,7,
389,1,
389,7,
390,1,
390,7,
391,1,
391,7,
392,1,
392,7,
393,1,
393,7,
394,1,
394,7,
395,1,
395,7,
396,1,
396,7,
397,1,
397,7,
398,1,
398,7,
399,1,
399,7,
400,1,
400,7,
401,1,
401,7,
402,1,
402,7,
403,1,
403,7,
404,1,
404,7,
405,1,
405,7,
406,1,
406,7,
407,1,
407,7,
408,1,
408,7,
409,1,
409,7,
410,1,
410,7,
411,1,
411,7,
412,1,
412,7,
413,1,
413,7,
414,1,
414,7,
415,1,
415,7,
416,1,
416,7,
417,1,
417,7,
418,1,
418,7,
419,1,
419,7,
420,1,
420,7,
421,1,
421,7,
422,1,
422,7,
423,1,
423,7,
424,1,
424,7,
425,1,
425,7,
426,1,
426,7,
427,1,
427,7,
428,1,
428,7,
429,1,
429,7,
430,1,
430,7,
431,1,
431,7,
432,1,
432,7,
433,1,
433,7,
434,1,
434,7,
435,1,
435,7,
436,1,
436,7,
437,1,
437,7,
438,1,
438,7,
439,1,
439,7,
440,1,
440,7,
441,1,
441,7,
442,1,
442,7,
443,1,
443,7,
444,1,
444,7,
445,1,
445,7,
446,1,
446,7,
447,1,
447,7,
448,1,
448,7,
449,1,
449,7,
450,1,
450,7,
451,1,
451,7,
452,1,
452,7,
453,1,
453,7,
454,1,
454,7,
455,1,
455,7,
456,1,
456,7,
457,1,
457,7,
458,1,
458,7,
459,1,
459,7,
460,1,
460,7,
461,1,
461,7,
462,1,
462,7,
463,1,
463,7,
464,1,
464,7,
465,1,
465,7,
466,1,
466,7,
467,1,
467,7,
468,1,
468,7,
469,1,
469,7,
470,1,
470,7,
471,1,
471,7,
472,1,
472,7,
473,1,
473,7,
474,1,
474,7,
475,1,
475,7,
476,1,
476,7,
477,1,
477,7,
478,1,
478,7,
479,1,
479,7,
480,1,
480,7,
481,1,
481,7,
482,1,
482,7,
483,1,
483,7,
484,1,
484,7,
485,1,
485,7,
486,1,
486,7,
487,1,
487,7,
488,1,
488,7,
489,1,
489,7,
490,1,
490,7,
491,1,
491,7,
492,1,
492,7,
493,1,
493,7,
494,1,
494,7,
495,1,
495,7,
496,1,
496,7,
497,1,
497,7,
498,1,
498,7,
499,1,
499,7,
500,1,
500,7,
501,1,
501,7,
502,1,
502,7,
503,1,
503,7,
504,1,
504,7,
505,1,
505,7,
506,1,
506,7,
507,1,
507,7,
508,1,
508,7,
509,1,
509,7,
510,1,
510,7,
511,1,
511,7,
512,1,
512,7,
513,1,
513,7,
514,1,
514,7,
515,1,
515,7,
516,1,
516,7,
517,1,
517,7,
518,1,
518,7,
519,1,
519,7,
520,1,
520,7,
521,1,
521,7,
522,1,
522,7,
523,1,
523,7,
524,1,
524,7,
525,1,
525,7,
526,1,
526,7,
527,1,
527,7,
528,1,
528,7,
529,1,
529,7,
530,1,
530,7,
531,1,
531,7,
532,1,
532,7,
533,1,
533,7,
534,1,
534,7,
535,1,
535,7,
536,1,
536,7,
537,1,
537,7,
538,1,
538,7,
539,1,
539,7,
540,1,
540,7,
541,1,
541,7,
542,1,
542,7,
543,1,
543,7,
544,1,
544,7,
545,1,
545,7,
546,1,
546,7,
547,1,
547,7,
548,1,
548,7,
549,1,
549,7,
550,1,
550,7,
551,1,
551,7,
552,1,
552,7,
553,1,
553,7,
554,1,
554,7,
555,1,
555,7,
556,1,
556,7,
557,1,
557,7,
558,1,
558,7,
559,1,
559,7,
560,1,
560,7,
561,1,
561,7,
562,1,
562,7,
563,1,
563,7,
564,1,
564,7,
565,1,
565,7,
566,1,
566,7,
567,1,
567,7,
568,1,
568,7,
569,1,
569,7,
570,1,
570,7,
571,1,
571,7,
572,1,
572,7,
573,1,
573,7,
574,1,
574,7,
575,1,
575,7,
576,1,
576,7,
577,1,
577,7,
578,1,
578,7,
579,1,
579,7,
580,1,
580,7,
581,1,
581,7,
582,1,
582,7,
583,1,
583,7,
584,1,
584,7,
585,1,
585,7,
586,1,
586,7,
587,1,
587,7,
588,1,
588,7,
589,1,
589,7,
590,1,
590,7,
591,1,
591,7,
592,1,
592,7,
593,1,
593,7,
594,1,
594,7,
595,1,
595,7,
596,1,
596,7,
597,1,
597,7,
598,1,
598,7,
599,1,
599,7,
600,1,
600,7,
601,1,
601,7,
602,1,
602,7,
603,1,
603,7,
604,1,
604,7,
605,1,
605,7,
606,1,
606,7,
607,1,
607,7,
608,1,
608,7,
609,1,
609,7,
610,1,
610,7,
611,1,
611,7,
612,1,
612,7,
613,1,
613,7,
614,1,
614,7,
615,1,
615,7,
616,1,
616,7,
617,1,
617,7,
618,1,
618,7,
619,1,
619,7,
620,1,
620,7,
621,1,
621,7,
622,1,
622,7,
623,1,
623,7,
624,1,
624,7,
625,1,
625,7,
626,1,
626,7,
627,1,
627,7,
628,1,
628,7,
629,1,
629,7,
630,1,
630,7,
631,1,
631,7,
632,1,
632,7,
633,1,
633,7,
634,1,
634,7,
635,1,
635,7,
636,1,
636,7,
637,1,
637,7,
638,1,
638,7,
639,1,
639,7,
640,1,
640,7,
641,1,
641,7,
642,1,
642,7,
643,1,
643,7,
644,1,
644,7,
645,1,
645,7,
646,1,
646,7,
647,1,
647,7,
648,1,
648,7,
649,1,
649,7,
650,1,
650,7,
651,1,
651,7,
652,1,
652,7,
653,1,
653,7,
654,1,
654,7,
655,1,
655,7,
656,1,
656,7,
657,1,
657,7,
658,1,
658,7,
659,1,
659,7,
660,1,
660,7,
661,1,
661,7,
662,1,
662,7,
663,1,
663,7,
664,1,
664,7,
665,1,
665,7,
666,1,
666,7,
667,1,
667,7,
668,1,
668,7,
669,1,
669,7,
670,1,
670,7,
671,1,
671,7,
672,1,
672,7,
673,1,
673,7,
674,1,
674,7,
675,1,
675,7,
676,1,
676,7,
677,1,
677,7,
678,1,
678,7,
679,1,
679,7,
680,1,
680,7,
681,1,
681,7,
682,1,
682,7,
683,1,
683,7,
684,1,
684,7,
685,1,
685,7,
686,1,
686,7,
687,1,
687,7,
688,1,
688,7,
689,1,
689,7,
690,1,
690,7,
691,1,
691,7,
692,1,
692,7,
693,1,
693,7,
694,1,
694,7,
695,1,
695,7,
696,1,
696,7,
697,1,
697,7,
698,1,
698,7,
699,1,
699,7,
700,1,
700,7,
701,1,
701,7,
702,1,
702,7,
703,1,
703,7,
704,1,
704,7,
705,1,
705,7,
706,1,
706,7,
707,1,
707,7,
708,1,
708,7,
709,1,
709,7,
710,1,
710,7,
711,1,
711,7,
712,1,
712,7,
713,1,
713,7,
714,1,
714,7,
715,1,
715,7,
716,1,
716,7,
717,1,
717,7,
718,1,
718,7,
719,1,
719,7,
720,1,
720,7,
721,1,
721,7,
722,1,
722,7,
723,1,
723,7,
724,1,
724,7,
725,1,
725,7,
726,1,
726,7,
727,1,
727,7,
728,1,
728,7,
729,1,
729,7,
730,1,
730,7,
731,1,
731,7,
732,1,
732,7,
733,1,
733,7,
734,1,
734,7,
735,1,
735,7,
736,1,
736,7,
737,1,
737,7,
738,1,
738,7,
739,1,
739,7,
740,1,
740,7,
741,1,
741,7,
742,1,
742,7,
743,1,
743,7,
744,1,
744,7,
745,1,
745,7,
746,1,
746,7,
747,1,
747,7,
748,1,
748,7,
749,1,
749,7,
750,1,
750,7,
751,1,
751,7,
752,1,
752,7,
753,1,
753,7,
754,1,
754,7,
755,1,
755,7,
756,1,
756,7,
757,1,
757,7,
758,1,
758,7,
759,1,
759,7,
760,1,
760,7,
761,1,
761,7,
762,1,
762,7,
763,1,
763,7,
764,1,
764,7,
765,1,
765,7,
766,1,
766,7,
767,1,
767,7,
768,1,
768,7,
769,1,
769,7,
770,1,
770,7,
771,1,
771,7,
772,1,
772,7,
773,1,
773,7,
774,1,
774,7,
775,1,
775,7,
776,1,
776,7,
777,1,
777,7,
778,1,
778,7,
779,1,
779,7,
780,1,
780,7,
781,1,
781,7,
782,1,
782,7,
783,1,
783,7,
784,1,
784,7,
785,1,
785,7,
786,1,
786,7,
787,1,
787,7,
788,1,
788,7,
789,1,
789,7,
790,1,
790,7,
791,1,
791,7,
792,1,
792,7,
793,1,
793,7,
794,1,
794,7,
795,1,
795,7,
796,1,
796,7,
797,1,
797,7,
798,1,
798,7,
799,1,
799,7,
800,1,
800,7,
801,1,
801,7,
802,1,
802,7,
803,1,
803,7,
804,1,
804,7,
805,1,
805,7,
806,1,
806,7,
807,1,
807,7,
808,1,
808,7,
809,1,
809,7,
810,1,
810,7,
811,1,
811,7,
812,1,
812,7,
813,1,
813,7,
814,1,
814,7,
815,1,
815,7,
816,1,
816,7,
817,1,
817,7,
818,1,
818,7,
819,1,
819,7,
820,1,
820,7,
821,1,
821,7,
822,1,
822,7,
823,1,
823,7,
824,1,
824,7,
825,1,
825,7,
826,1,
826,7,
827,1,
827,7,
828,1,
828,7,
829,1,
829,7,
830,1,
830,7,
831,1,
831,7,
832,1,
832,7,
833,1,
833,7,
834,1,
834,7,
835,1,
835,7,
836,1,
836,7,
837,1,
837,7,
838,1,
838,7,
839,1,
839,7,
840,1,
840,7,
841,1,
841,7,
842,1,
842,7,
843,1,
843,7,
844,1,
844,7,
845,1,
845,7,
846,1,
846,7,
847,1,
847,7,
848,1,
848,7,
849,1,
849,7,
850,1,
850,7,
851,1,
851,7,
852,1,
852,7,
853,1,
853,7,
854,1,
854,7,
855,1,
855,7,
856,1,
856,7,
857,1,
857,7,
858,1,
858,7,
859,1,
859,7,
860,1,
860,7,
861,1,
861,7,
862,1,
862,7,
863,1,
863,7,
864,1,
864,7,
865,1,
865,7,
866,1,
866,7,
867,1,
867,7,
868,1,
868,7,
869,1,
869,7,
870,1,
870,7,
871,1,
871,7,
872,1,
872,7,
873,1,
873,7,
874,1,
874,7,
875,1,
875,7,
876,1,
876,7,
877,1,
877,7,
878,1,
878,7,
879,1,
879,7,
880,1,
880,7,
881,1,
881,7,
882,1,
882,7,
883,1,
883,7,
884,1,
884,7,
885,1,
885,7,
886,1,
886,7,
887,1,
887,7,
888,1,
888,7,
889,1,
889,7,
890,1,
890,7,
891,1,
891,7,
892,1,
892,7,
893,1,
893,7,
894,1,
894,7,
895,1,
895,7,
896,1,
896,7,
897,1,
897,7,
898,1,
898,7,
899,1,
899,7,
900,1,
900,7,
901,1,
901,7,
902,1,
902,7,
903,1,
903,7,
904,1,
904,7,
905,1,
905,7,
906,1,
906,7,
907,1,
907,7,
908,1,
908,7,
909,1,
909,7,
910,1,
910,7,
911,1,
911,7,
912,1,
912,7,
913,1,
913,7,
914,1,
914,7,
915,1,
915,7,
916,1,
916,7,
917,1,
917,7,
918,1,
918,7,
919,1,
919,7,
920,1,
920,7,
921,1,
921,7,
922,1,
922,7,
923,1,
923,7,
924,1,
924,7,
925,1,
925,7,
926,1,
926,7,
927,1,
927,7,
928,1,
928,7,
929,1,
929,7,
930,1,
930,7,
931,1,
931,7,
932,1,
932,7,
933,1,
933,7,
934,1,
934,7,
935,1,
935,7,
936,1,
936,7,
937,1,
937,7,
938,1,
938,7,
939,1,
939,7,
940,1,
940,7,
941,1,
941,7,
942,1,
942,7,
943,1,
943,7,
944,1,
944,7,
945,1,
945,7,
946,1,
946,7,
947,1,
947,7,
948,1,
948,7,
949,1,
949,7,
950,1,
950,7,
951,1,
951,7,
952,1,
952,7,
953,1,
953,7,
954,1,
954,7,
955,1,
955,7,
956,1,
956,7,
957,1,
957,7,
958,1,
958,7,
959,1,
959,7,
960,1,
960,7,
961,1,
961,7,
962,1,
962,7,
963,1,
963,7,
964,1,
964,7,
965,1,
965,7,
966,1,
966,7,
967,1,
967,7,
968,1,
968,7,
969,1,
969,7,
970,1,
970,7,
971,1,
971,7,
972,1,
972,7,
973,1,
973,7,
974,1,
974,7,
975,1,
975,7,
976,1,
976,7,
977,1,
977,7,
978,1,
978,7,
979,1,
979,7,
980,1,
980,7,
981,1,
981,7,
982,1,
982,7,
983,1,
983,7,
984,1,
984,7,
985,1,
985,7,
986,1,
986,7,
987,1,
987,7,
988,1,
988,7,
989,1,
989,7,
990,1,
990,7,
991,1,
991,7,
992,1,
992,7,
993,1,
993,7,
994,1,
994,7,
995,1,
995,7,
996,1,
996,7,
997,1,
997,7,
998,1,
998,7,
999,1,
999,7,
1000,1,
1000,5,
1001,1,
1001,2,
1002,1,
1003,1,
1003,4,
1004,1,
1005,1,
1006,1,
1007,1,
1008,1,
1009,1,
1010,1,
1011,1,
1012,1,
1013,1,
1014,1,
1014,6,
1015,1,
1015,3,
1016,1,
1016,6,
1017,1,
1017,5,
1018,1,
1018,4,
1019,3,
1020,3,
1021,1,
1021,6,
1022,1,
1022,4,
1023,1,
1023,5,
1024,1,
1024,3,
1025,1,
1025,5,
1026,1,
1026,3,
1027,1,
1028,1,
1028,6,
1029,1,
1030,1,
1031,1,
1032,1,
1033,1,
1034,1,
1035,1,
1036,1,
1037,1,
1038,1,
1039,1,
1040,1,
1040,3,
1041,1,
1041,3,
1042,1,
1043,1,
1043,2,
1044,1,
1044,6,
1045,1,
1046,1,
1046,6,
1047,1,
1047,3,
1048,1,
1048,6,
1049,1,
1049,5,
1050,1,
1050,6,
1051,1,
1051,6,
1052,1,
1052,3,
1053,1,
1053,4,
1054,1,
1054,6,
1055,1,
1055,5,
1056,1,
1057,1,
1058,1,
1059,1,
1060,1,
1061,1,
1062,1,
1063,1,
1064,1,
1065,1,
1066,1,
1067,1,
1068,1,
1069,1,
1070,1,
1071,3,
1071,1,
1072,1,
1073,1,
1074,1,
1074,5,
1075,1,
1075,3,
1076,1,
1076,2,
1077,1,
1077,2,
1078,1,
1079,1,
1080,1,
1080,2,
1081,1,
1081,5,
1082,1,
1082,5,
1083,1,
1083,3,
1084,1,
1084,2,
1085,1,
1085,5,
1086,1,
1086,5,
1087,1,
1088,1,
1089,1,
1090,1,
1090,2,
1091,3,
1091,4,
1092,1,
1092,2,
1093,1,
1093,3,
1094,1,
1094,4,
1095,1,
1095,6,
1096,1,
1097,1,
1098,1,
1099,1,
1100,1,
1101,1,
1102,1,
1103,1,
1104,1,
1105,1,
1105,5,
1106,1,
1107,1,
1107,5,
1108,1,
1109,1,
1110,1,
1111,3,
1111,1,
1112,1,
1113,1,
1114,1,
1115,1,
1116,1,
1117,1,
1117,5,
1118,1,
1119,1,
1120,1,
1121,1,
1122,1,
1123,1,
1124,1,
1125,1,
1126,1,
1127,1,
1128,1,
1129,1,
1130,1,
1131,1,
1131,3,
1132,1,
1132,5,
1133,1,
1133,3,
1134,1,
1134,4,
1135,1,
1135,6,
1136,1,
1136,2,
1137,1,
1137,6,
1138,1,
1139,1,
1139,2,
1140,1,
1140,6,
1141,1,
1142,1,
1142,5,
1143,1,
1143,5,
1144,1,
1144,3,
1145,1,
1146,1,
1146,2,
1147,1,
1147,3,
1148,1,
1149,1,
1149,6,
1150,1,
1151,1,
1151,6,
1152,1,
1152,4,
1153,1,
1153,2,
1154,1,
1154,3,
1155,1,
1155,3,
1156,1,
1157,1,
1157,2,
1158,1,
1159,1,
1159,2,
1160,1,
1160,3,
1161,1,
1161,6,
1162,1,
1163,1,
1164,1,
1165,1,
1166,1,
1167,1,
1168,1,
1169,1,
1170,1,
1171,1,
1172,1,
1173,1,
1173,5,
1174,1,
1174,6,
1175,1,
1176,1,
1177,1,
1178,1,
1178,5,
1179,1,
1179,4,
1180,1,
1180,5,
1181,1,
1181,5,
1182,5,
1182,1,
1183,1,
1184,1,
1184,4,
1185,1,
1185,6,
1186,1,
1186,5,
1187,1,
1187,2,
1188,1,
1188,2,
1189,1,
1189,6,
1190,1,
1191,1,
1191,6,
1192,1,
1192,2,
1193,1,
1193,6,
1194,1,
1194,6,
1195,1,
1195,2,
1196,1,
1196,4,
1197,1,
1197,4,
1198,1,
1198,6,
1199,1,
1199,5,
1200,1,
1201,1,
1202,1,
1203,1,
1204,1,
1205,1,
1206,1,
1207,1,
1208,1,
1208,3,
1209,1,
1210,1,
1211,1,
1211,6,
1212,1,
1212,4,
1213,3,
1213,6,
1214,1,
1214,2,
1215,1,
1215,3,
1216,1,
1216,2,
1217,1,
1217,2,
1218,1,
1219,1,
1220,1,
1220,6,
1221,1,
1222,5,
1222,6,
1223,1,
1223,5,
1224,1,
1224,5,
1225,1,
1225,6,
1226,1,
1226,4,
1227,1,
1227,3,
1228,1,
1229,1,
1230,1,
1231,1,
1232,1,
1233,1,
1234,1,
1235,1,
1236,1,
1237,1,
1238,1,
1239,1,
1240,1,
1241,1,
1242,1,
1243,1,
1244,1,
1245,1,
1245,4,
1246,1,
1246,2,
1247,1,
1247,3,
1248,1,
1248,2,
1249,1,
1249,4,
1250,1,
1250,2,
1251,1,
1252,1,
1253,1,
1254,1,
1255,1,
1256,1,
1257,1,
1258,1,
1259,1,
1260,1,
1261,1,
1262,1,
1263,1,
1264,1,
1265,1,
1266,1,
1266,4,
1267,1,
1268,1,
1268,2,
1269,1,
1270,1,
1270,3,
1271,1,
1271,3,
1272,1,
1272,3,
1273,1,
1273,2,
1274,1,
1274,6,
1275,1,
1276,3,
1276,1,
1277,1,
1277,5,
1278,1,
1278,6,
1279,1,
1279,5,
1280,1,
1281,1,
1281,6,
1282,1,
1283,1,
1284,1,
1285,1,
1286,1,
1287,1,
1288,1,
1289,1,
1290,5,
1290,1,
1291,1,
1292,1,
1293,1,
1294,1,
1295,1,
1296,1,
1297,1,
1298,1,
1299,1,
1300,1,
1301,1,
1301,6,
1302,1,
1303,1,
1303,4,
1304,1,
1304,4,
1305,1,
1305,4,
1306,1,
1307,1,
1308,1,
1309,1,
1310,1,
1311,1,
1312,1,
1313,1,
1314,1,
1315,1,
1316,1,
1317,1,
1318,1,
1319,1,
1320,1,
1321,1,
1321,2,
1322,1,
1322,3,
1323,1,
1324,1,
1324,6,
1325,1,
1325,6,
1326,1,
1326,6,
1327,1,
1327,5,
1328,1,
1329,1,
1330,1,
1331,1,
1332,1,
1333,1,
1334,1,
1335,5,
1335,1,
1336,1,
1337,1,
1338,1,
1339,1,
1340,1,
1341,3,
1341,1,
1342,1,
1343,1,
1344,1,
1344,6,
1345,1,
1345,5,
1346,1,
1346,2,
1347,1,
1347,6,
1348,1,
1348,3,
1349,1,
1349,6,
1350,1,
1350,2,
1351,1,
1351,6,
1352,1,
1353,1,
1353,2,
1354,1,
1355,1,
1356,1,
1357,1,
1358,1,
1359,1,
1360,1,
1361,1,
1362,1,
1363,1,
1364,1,
1365,1,
1365,5,
1366,1,
1366,4,
1367,1,
1367,2,
1368,1,
1368,5,
1369,1,
1370,1,
1371,1,
1372,1,
1373,1,
1374,1,
1375,5,
1375,1,
1376,1,
1377,1,
1378,1,
1379,1,
1380,1,
1381,1,
1382,1,
1383,1,
1384,1,
1385,1,
1386,1,
1387,1,
1388,1,
1389,1,
1390,1,
1391,1,
1392,1,
1393,1,
1394,1,
1395,1,
1396,1,
1397,1,
1398,1,
1399,1,
1400,1,
1400,4,
1401,1,
1401,3,
1402,1,
1402,6,
1403,3,
1403,6,
1404,1,
1404,2,
1405,1,
1405,2,
1406,1,
1406,5,
1407,1,
1407,3,
1408,2,
1408,4,
1409,1,
1410,1,
1411,1,
1412,1,
1413,1,
1414,1,
1415,1,
1416,1,
1417,1,
1418,2,
1418,1,
1419,1,
1420,1,
1421,3,
1421,1,
1422,1,
1423,1,
1424,1,
1425,5,
1425,1,
1426,1,
1427,1,
1428,1,
1429,1,
1430,1,
1431,1,
1432,1,
1433,1,
1434,1,
1435,1,
1436,1,
1437,1,
1438,1,
1439,1,
1440,1,
1441,1,
1442,1,
1443,1,
1444,1,
1445,1,
1446,1,
1447,1,
1448,1,
1448,4,
1449,1,
1450,1,
1451,1,
1452,1,
1453,1,
1453,3,
1454,1,
1455,3,
1455,1,
1456,1,
1457,1,
1458,1,
1459,1,
1460,1,
1461,1,
1462,1,
1463,1,
1464,1,
1465,1,
1466,1,
1467,1,
1467,2,
1468,1,
1469,1,
1470,1,
1471,1,
1472,1,
1473,1,
1474,1,
1475,1,
1476,1,
1477,1,
1478,1,
1479,1,
1480,1,
1481,1,
1482,1,
1482,3,
1483,1,
1483,6,
1484,1,
1484,5,
1485,1,
1485,5,
1486,1,
1486,6,
1487,1,
1488,5,
1488,1,
1489,1,
1490,1,
1491,1,
1492,1,
1493,1,
1494,1,
1495,3,
1495,1,
1496,1,
1497,1,
1498,1,
1499,1,
1499,2,
