rental_id,rental_date,return_date,total_quantity,price,discount,store_id,staff_id,customer_id
1,24/05/2005 22:53,26/05/2005 22:04,3,21,0,1,1,9
2,24/05/2005 22:54,28/05/2005 19:40,1,5,0,1,1,11
3,24/05/2005 23:03,01/06/2005 22:12,1,5,0,1,1,13
4,24/05/2005 23:04,03/06/2005 1:43,2,8,0,1,2,1
5,24/05/2005 23:05,02/06/2005 4:33,1,8,0,1,1,9
6,24/05/2005 23:08,27/05/2005 1:32,2,18,0,1,1,44
7,24/05/2005 23:11,29/05/2005 20:34,2,18,0,1,2,38
8,24/05/2005 23:31,27/05/2005 23:33,1,4,0,1,2,10
9,25/05/2005 0:00,28/05/2005 0:22,1,5,0,1,1,19
10,25/05/2005 0:02,31/05/2005 22:44,3,30,0,1,2,3
11,25/05/2005 0:09,02/06/2005 20:56,1,3,0,1,2,4
12,25/05/2005 0:19,30/05/2005 5:44,1,5,0,1,2,10
13,25/05/2005 0:22,30/05/2005 4:28,2,10,0,1,1,9
14,25/05/2005 0:31,26/05/2005 2:56,1,10,0,1,1,1
15,25/05/2005 0:39,03/06/2005 3:30,2,12,0,1,1,50
16,25/05/2005 0:43,26/05/2005 4:42,2,6,0,1,2,25
17,25/05/2005 1:06,27/05/2005 0:43,1,3,0,1,1,13
18,25/05/2005 1:10,31/05/2005 6:35,3,12,0,1,2,9
19,25/05/2005 1:17,31/05/2005 6:00,2,14,0,1,1,31
20,25/05/2005 1:48,27/05/2005 2:20,1,11,0,1,2,50
21,25/05/2005 1:59,26/05/2005 1:01,1,4,0,1,2,17
22,25/05/2005 2:19,26/05/2005 4:52,1,8,0,1,2,42
23,25/05/2005 2:40,29/05/2005 6:34,1,7,0,1,1,11
24,25/05/2005 2:53,27/05/2005 1:15,2,6,0,1,1,28
25,25/05/2005 3:21,27/05/2005 21:25,3,12,0,1,2,15
26,25/05/2005 3:36,31/05/2005 0:34,2,18,0,1,1,34
27,25/05/2005 3:41,30/05/2005 1:13,1,6,0,1,2,35
28,25/05/2005 3:42,26/05/2005 9:26,1,7,0,1,2,23
29,25/05/2005 3:47,30/05/2005 0:31,2,16,0,1,2,18
30,25/05/2005 4:01,30/05/2005 3:12,3,30,0,1,1,17
31,25/05/2005 4:05,30/05/2005 7:15,3,33,0,1,1,33
32,25/05/2005 4:06,25/05/2005 23:55,3,9,0,1,1,45
33,25/05/2005 4:18,27/05/2005 3:58,1,3,0,1,1,24
34,25/05/2005 4:19,29/05/2005 0:10,2,18,0,1,2,39
35,25/05/2005 4:24,27/05/2005 7:02,2,6,0,1,2,50
36,25/05/2005 4:36,29/05/2005 0:31,1,4,0,1,1,50
37,25/05/2005 4:44,29/05/2005 1:03,1,4,0,1,1,18
38,25/05/2005 4:47,01/06/2005 0:58,3,30,0,1,1,10
39,25/05/2005 4:51,31/05/2005 3:14,1,8,0,1,2,26
40,25/05/2005 5:09,27/05/2005 23:12,1,11,0,1,1,26
41,25/05/2005 5:12,02/06/2005 0:28,3,33,0,1,1,36
42,25/05/2005 5:24,31/05/2005 2:47,3,24,0,1,2,18
43,25/05/2005 5:39,26/05/2005 6:54,2,6,0,1,2,5
44,25/05/2005 5:53,29/05/2005 10:56,1,11,0,1,2,36
45,25/05/2005 5:59,02/06/2005 9:56,2,12,0,1,2,26
46,25/05/2005 6:04,02/06/2005 8:18,2,10,0,1,2,48
47,25/05/2005 6:05,30/05/2005 3:04,1,9,0,1,1,33
48,25/05/2005 6:20,02/06/2005 5:42,2,8,0,1,1,33
49,25/05/2005 6:39,30/05/2005 10:12,2,8,0,1,2,41
50,25/05/2005 6:44,28/05/2005 11:28,1,10,0,1,2,47
51,25/05/2005 6:49,26/05/2005 6:42,1,11,0,1,1,24
52,25/05/2005 6:51,31/05/2005 1:27,3,24,0,1,2,9
53,25/05/2005 7:19,27/05/2005 5:19,3,9,0,1,2,47
54,25/05/2005 7:23,01/06/2005 5:05,3,30,0,1,2,24
55,25/05/2005 8:26,30/05/2005 10:57,1,9,0,1,1,39
56,25/05/2005 8:28,26/05/2005 14:21,2,16,0,1,1,49
57,25/05/2005 8:43,29/05/2005 6:42,1,6,0,1,2,4
58,25/05/2005 8:53,28/05/2005 14:40,2,12,0,1,1,31
59,25/05/2005 8:56,01/06/2005 9:52,1,3,0,1,1,33
60,25/05/2005 8:58,30/05/2005 14:14,3,30,0,1,1,28
61,25/05/2005 9:01,02/06/2005 7:22,1,4,0,1,2,43
62,25/05/2005 9:18,30/05/2005 10:55,1,5,0,1,1,13
63,25/05/2005 9:19,27/05/2005 4:24,1,4,0,1,1,6
64,25/05/2005 9:21,03/06/2005 11:31,3,30,0,1,1,37
65,25/05/2005 9:32,29/05/2005 14:21,2,22,0,1,1,29
66,25/05/2005 9:35,29/05/2005 4:16,1,10,0,1,2,18
67,25/05/2005 9:41,27/05/2005 13:46,1,11,0,1,2,39
68,25/05/2005 9:47,31/05/2005 10:20,1,8,0,1,2,38
69,25/05/2005 10:10,27/05/2005 14:02,1,8,0,1,2,16
70,25/05/2005 10:15,27/05/2005 5:56,3,33,0,1,2,38
71,25/05/2005 10:26,28/05/2005 4:59,3,12,0,1,1,39
72,25/05/2005 10:52,28/05/2005 5:52,2,22,0,1,2,20
73,25/05/2005 11:00,01/06/2005 13:56,1,7,0,1,2,28
74,25/05/2005 11:09,26/05/2005 12:23,2,10,0,1,2,4
75,25/05/2005 11:13,03/06/2005 12:58,3,18,0,1,1,5
76,25/05/2005 11:30,03/06/2005 12:00,1,6,0,1,2,48
77,25/05/2005 11:31,26/05/2005 16:53,2,8,0,1,2,33
78,25/05/2005 11:35,31/05/2005 12:48,1,8,0,1,2,42
79,25/05/2005 12:11,03/06/2005 10:54,1,9,0,1,2,37
80,25/05/2005 12:12,31/05/2005 17:46,2,16,0,1,2,46
81,25/05/2005 12:15,02/06/2005 14:08,2,6,0,1,2,25
82,25/05/2005 12:17,01/06/2005 10:48,3,21,0,1,1,35
83,25/05/2005 12:30,27/05/2005 15:40,3,33,0,1,1,22
84,25/05/2005 12:36,29/05/2005 18:33,2,6,0,1,1,10
85,25/05/2005 13:05,29/05/2005 16:53,2,12,0,1,1,32
86,25/05/2005 13:36,30/05/2005 14:53,2,6,0,1,1,27
87,25/05/2005 13:52,29/05/2005 11:12,3,21,0,1,2,6
88,25/05/2005 14:13,29/05/2005 9:32,2,22,0,1,2,39
89,25/05/2005 14:28,29/05/2005 14:33,3,18,0,1,1,31
90,25/05/2005 14:31,01/06/2005 10:07,2,10,0,1,1,28
91,25/05/2005 14:57,01/06/2005 18:32,2,10,0,1,1,25
92,25/05/2005 15:38,31/05/2005 13:40,2,22,0,1,2,6
93,25/05/2005 15:54,03/06/2005 20:18,1,4,0,1,1,47
94,25/05/2005 16:03,30/05/2005 14:23,2,14,0,1,1,19
95,25/05/2005 16:12,02/06/2005 18:55,3,30,0,1,2,11
96,25/05/2005 16:32,30/05/2005 10:47,3,15,0,1,2,25
97,25/05/2005 16:34,28/05/2005 12:13,1,6,0,1,2,10
98,25/05/2005 16:48,27/05/2005 11:29,3,18,0,1,2,8
99,25/05/2005 16:50,28/05/2005 18:52,1,11,0,1,1,36
100,25/05/2005 16:50,02/06/2005 22:11,2,10,0,1,1,26
101,25/05/2005 17:17,31/05/2005 19:47,2,22,0,1,1,7
102,25/05/2005 17:22,31/05/2005 19:47,1,6,0,1,1,45
103,25/05/2005 17:30,03/06/2005 22:36,1,4,0,1,1,19
104,25/05/2005 17:46,27/05/2005 15:20,1,3,0,1,1,50
105,25/05/2005 17:54,30/05/2005 12:03,3,24,0,1,2,46
106,25/05/2005 18:18,04/06/2005 0:01,3,12,0,1,2,19
107,25/05/2005 18:28,03/06/2005 22:46,2,10,0,1,2,35
108,25/05/2005 18:30,30/05/2005 19:40,1,6,0,1,1,11
109,25/05/2005 18:40,29/05/2005 20:39,2,22,0,1,2,36
110,25/05/2005 18:43,03/06/2005 18:13,3,21,0,1,2,49
111,25/05/2005 18:45,28/05/2005 17:18,1,9,0,1,1,13
112,25/05/2005 18:57,02/06/2005 20:44,3,33,0,1,1,27
113,25/05/2005 19:07,27/05/2005 22:16,1,9,0,1,2,21
114,25/05/2005 19:12,01/06/2005 23:10,1,10,0,1,1,44
115,25/05/2005 19:13,29/05/2005 20:17,2,22,0,1,1,50
116,25/05/2005 19:27,26/05/2005 16:23,2,8,0,1,1,7
117,25/05/2005 19:30,31/05/2005 23:59,2,20,0,1,2,50
118,25/05/2005 19:31,31/05/2005 15:00,1,5,0,1,1,45
119,25/05/2005 19:37,29/05/2005 23:51,2,8,0,1,2,4
120,25/05/2005 19:37,01/06/2005 23:29,3,18,0,1,2,20
121,25/05/2005 19:41,29/05/2005 21:31,3,12,0,1,1,49
122,25/05/2005 19:46,02/06/2005 19:07,2,12,0,1,1,14
123,25/05/2005 20:26,26/05/2005 19:41,2,12,0,1,1,43
124,25/05/2005 20:46,30/05/2005 0:47,2,12,0,1,2,6
125,25/05/2005 20:48,02/06/2005 21:39,3,9,0,1,1,9
126,25/05/2005 21:07,28/05/2005 18:51,1,5,0,1,1,44
127,25/05/2005 21:10,02/06/2005 21:38,1,4,0,1,1,43
128,25/05/2005 21:19,29/05/2005 23:34,3,27,0,1,1,11
129,25/05/2005 21:20,04/06/2005 1:25,3,12,0,1,2,19
130,25/05/2005 21:21,30/05/2005 22:41,3,9,0,1,2,47
131,25/05/2005 21:42,30/05/2005 23:25,3,27,0,1,2,42
132,25/05/2005 21:46,31/05/2005 21:02,3,24,0,1,1,37
133,25/05/2005 21:48,30/05/2005 0:26,2,22,0,1,2,29
134,25/05/2005 21:48,02/06/2005 18:28,3,12,0,1,1,1
135,25/05/2005 21:58,03/06/2005 17:50,2,14,0,1,1,21
136,25/05/2005 22:02,31/05/2005 18:06,3,21,0,1,1,36
137,25/05/2005 22:25,01/06/2005 2:30,3,24,0,1,2,11
138,25/05/2005 22:48,29/05/2005 20:21,2,20,0,1,2,7
139,25/05/2005 23:00,29/05/2005 17:12,3,12,0,1,1,14
140,25/05/2005 23:34,27/05/2005 1:10,2,14,0,1,1,22
141,25/05/2005 23:34,02/06/2005 1:57,1,9,0,1,1,5
142,25/05/2005 23:43,29/05/2005 0:46,2,6,0,1,2,47
143,25/05/2005 23:45,27/05/2005 21:41,3,33,0,1,2,42
144,25/05/2005 23:49,01/06/2005 21:41,3,30,0,1,2,4
145,25/05/2005 23:59,31/05/2005 2:56,2,10,0,1,1,15
146,26/05/2005 0:07,04/06/2005 0:20,1,10,0,1,2,47
147,26/05/2005 0:17,29/05/2005 23:21,2,18,0,1,2,23
148,26/05/2005 0:25,01/06/2005 19:29,1,7,0,1,2,31
149,26/05/2005 0:28,02/06/2005 21:30,3,12,0,1,2,21
150,26/05/2005 0:28,01/06/2005 2:10,2,18,0,1,2,49
151,26/05/2005 0:37,30/05/2005 6:28,2,14,0,1,1,41
152,26/05/2005 0:41,03/06/2005 6:05,3,18,0,1,1,24
153,26/05/2005 0:47,27/05/2005 21:28,2,16,0,1,1,34
154,26/05/2005 0:55,29/05/2005 23:18,3,15,0,1,2,9
155,26/05/2005 1:15,01/06/2005 0:03,2,18,0,1,1,1
156,26/05/2005 1:19,27/05/2005 23:43,1,7,0,1,1,3
157,26/05/2005 1:25,26/05/2005 21:17,2,6,0,1,2,13
158,26/05/2005 1:27,03/06/2005 0:30,1,3,0,1,2,1
159,26/05/2005 1:34,29/05/2005 4:00,3,15,0,1,1,37
160,26/05/2005 1:46,01/06/2005 5:45,3,33,0,1,1,22
161,26/05/2005 1:51,27/05/2005 5:42,1,9,0,1,1,13
162,26/05/2005 2:02,27/05/2005 3:38,3,33,0,1,2,26
163,26/05/2005 2:26,04/06/2005 6:36,1,9,0,1,1,21
164,26/05/2005 2:26,28/05/2005 0:32,1,8,0,1,1,20
165,26/05/2005 2:28,02/06/2005 3:21,3,33,0,1,1,14
166,26/05/2005 2:49,31/05/2005 1:28,2,6,0,1,1,16
167,26/05/2005 2:50,27/05/2005 3:07,2,6,0,1,1,7
168,26/05/2005 3:07,02/06/2005 2:09,2,6,0,1,2,32
169,26/05/2005 3:09,27/05/2005 1:37,1,10,0,1,2,11
170,26/05/2005 3:11,02/06/2005 3:53,3,30,0,1,1,14
171,26/05/2005 3:14,03/06/2005 0:24,2,16,0,1,2,7
172,26/05/2005 3:17,29/05/2005 4:11,2,18,0,1,2,37
173,26/05/2005 3:42,28/05/2005 1:37,2,10,0,1,2,13
174,26/05/2005 3:44,28/05/2005 7:13,1,8,0,1,2,1
175,26/05/2005 3:46,03/06/2005 6:01,2,12,0,1,2,36
176,26/05/2005 3:47,01/06/2005 2:36,3,15,0,1,2,45
177,26/05/2005 4:14,01/06/2005 8:16,2,8,0,1,2,33
178,26/05/2005 4:21,04/06/2005 7:09,1,6,0,1,2,44
179,26/05/2005 4:26,03/06/2005 10:06,3,21,0,1,1,21
180,26/05/2005 4:46,01/06/2005 9:58,1,7,0,1,1,39
181,26/05/2005 4:47,29/05/2005 6:34,2,6,0,1,2,9
182,26/05/2005 4:49,01/06/2005 5:43,2,22,0,1,2,26
183,26/05/2005 5:01,01/06/2005 9:04,2,10,0,1,1,44
184,26/05/2005 5:29,28/05/2005 10:10,1,8,0,1,1,33
185,26/05/2005 5:30,02/06/2005 9:48,3,27,0,1,2,21
186,26/05/2005 5:32,03/06/2005 7:19,2,12,0,1,2,26
187,26/05/2005 5:42,04/06/2005 0:38,1,10,0,1,1,39
188,26/05/2005 5:47,26/05/2005 23:48,3,27,0,1,1,9
189,26/05/2005 6:01,27/05/2005 6:11,2,10,0,1,1,36
190,26/05/2005 6:11,01/06/2005 9:44,3,15,0,1,1,34
191,26/05/2005 6:14,28/05/2005 5:33,3,30,0,1,1,24
192,26/05/2005 6:20,02/06/2005 10:57,3,9,0,1,1,15
193,26/05/2005 6:41,30/05/2005 6:21,1,6,0,1,2,1
194,26/05/2005 6:52,30/05/2005 4:08,1,6,0,1,2,43
195,26/05/2005 6:52,31/05/2005 2:47,3,24,0,1,2,20
196,26/05/2005 6:55,27/05/2005 10:54,3,24,0,1,1,10
197,26/05/2005 6:59,03/06/2005 5:04,1,11,0,1,2,11
198,26/05/2005 7:03,04/06/2005 11:45,1,4,0,1,1,11
199,26/05/2005 7:11,28/05/2005 9:06,2,16,0,1,1,31
200,26/05/2005 7:12,31/05/2005 12:07,1,9,0,1,1,25
201,26/05/2005 7:13,04/06/2005 2:02,2,20,0,1,2,27
202,26/05/2005 7:27,02/06/2005 3:52,3,21,0,1,1,16
203,26/05/2005 7:27,03/06/2005 12:52,2,16,0,1,1,9
204,26/05/2005 7:30,30/05/2005 8:11,3,15,0,1,1,8
205,26/05/2005 7:59,29/05/2005 9:43,3,9,0,1,2,29
206,26/05/2005 8:01,27/05/2005 6:26,2,8,0,1,1,47
207,26/05/2005 8:04,27/05/2005 9:32,1,9,0,1,2,47
208,26/05/2005 8:10,27/05/2005 3:55,1,11,0,1,1,22
209,26/05/2005 8:14,27/05/2005 9:00,3,12,0,1,1,19
210,26/05/2005 8:14,27/05/2005 12:12,1,7,0,1,2,48
211,26/05/2005 8:33,28/05/2005 14:09,1,10,0,1,1,9
212,26/05/2005 8:34,30/05/2005 12:46,3,12,0,1,2,43
213,26/05/2005 8:44,31/05/2005 12:33,3,15,0,1,2,49
214,26/05/2005 8:48,31/05/2005 4:06,1,4,0,1,2,38
215,26/05/2005 9:02,28/05/2005 9:45,3,21,0,1,2,2
216,26/05/2005 9:17,03/06/2005 8:21,1,10,0,1,1,18
217,26/05/2005 9:24,31/05/2005 3:24,2,20,0,1,2,47
218,26/05/2005 9:27,04/06/2005 11:53,1,3,0,1,2,35
219,26/05/2005 9:41,28/05/2005 4:40,3,12,0,1,1,47
220,26/05/2005 10:06,01/06/2005 7:43,3,27,0,1,1,18
221,26/05/2005 10:14,29/05/2005 5:57,3,18,0,1,1,8
222,26/05/2005 10:14,31/05/2005 8:36,2,14,0,1,2,5
223,26/05/2005 10:15,30/05/2005 11:43,3,18,0,1,1,6
224,26/05/2005 10:18,04/06/2005 6:59,2,6,0,1,1,7
225,26/05/2005 10:27,01/06/2005 7:01,1,11,0,1,2,44
226,26/05/2005 10:44,31/05/2005 13:26,2,10,0,1,2,6
227,26/05/2005 10:51,30/05/2005 7:24,2,8,0,1,1,45
228,26/05/2005 10:54,04/06/2005 9:39,3,30,0,1,1,27
229,26/05/2005 11:19,31/05/2005 11:56,1,7,0,1,2,32
230,26/05/2005 11:31,30/05/2005 15:22,1,8,0,1,1,26
231,26/05/2005 11:31,27/05/2005 7:27,2,20,0,1,1,14
232,26/05/2005 11:38,27/05/2005 8:42,1,10,0,1,2,44
233,26/05/2005 11:43,28/05/2005 17:28,3,18,0,1,2,45
234,26/05/2005 11:47,03/06/2005 10:39,2,8,0,1,2,37
235,26/05/2005 11:51,04/06/2005 9:36,3,9,0,1,1,14
236,26/05/2005 11:53,28/05/2005 13:55,1,7,0,1,1,40
237,26/05/2005 12:15,29/05/2005 18:10,3,12,0,1,1,36
238,26/05/2005 12:30,27/05/2005 6:49,3,18,0,1,1,8
239,26/05/2005 12:30,01/06/2005 13:26,3,21,0,1,2,42
240,26/05/2005 12:40,04/06/2005 7:22,3,15,0,1,1,43
241,26/05/2005 12:49,28/05/2005 11:43,1,8,0,1,2,50
242,26/05/2005 13:05,02/06/2005 15:26,3,18,0,1,1,38
243,26/05/2005 13:06,03/06/2005 17:28,1,7,0,1,2,6
244,26/05/2005 13:40,31/05/2005 11:58,1,11,0,1,1,38
245,26/05/2005 13:46,27/05/2005 9:58,1,9,0,1,2,20
246,26/05/2005 13:57,29/05/2005 10:12,3,27,0,1,2,44
247,26/05/2005 14:01,28/05/2005 13:38,3,27,0,1,2,14
248,26/05/2005 14:07,31/05/2005 14:03,1,5,0,1,2,50
249,26/05/2005 14:19,28/05/2005 17:47,3,33,0,1,2,6
250,26/05/2005 14:30,27/05/2005 8:50,1,7,0,1,1,47
251,26/05/2005 14:35,29/05/2005 17:17,3,12,0,1,1,43
252,26/05/2005 14:39,02/06/2005 14:48,1,9,0,1,1,27
253,26/05/2005 14:43,27/05/2005 12:21,1,11,0,1,1,19
254,26/05/2005 14:43,31/05/2005 9:19,1,4,0,1,2,26
255,26/05/2005 14:52,27/05/2005 12:45,3,21,0,1,1,31
256,26/05/2005 15:20,31/05/2005 15:58,3,33,0,1,1,34
257,26/05/2005 15:27,29/05/2005 16:25,2,22,0,1,2,5
258,26/05/2005 15:28,30/05/2005 18:38,2,6,0,1,2,6
259,26/05/2005 15:32,04/06/2005 15:27,1,8,0,1,2,44
260,26/05/2005 15:42,31/05/2005 13:21,3,21,0,1,2,22
261,26/05/2005 15:44,02/06/2005 9:47,2,8,0,1,2,2
262,26/05/2005 15:46,28/05/2005 15:49,1,3,0,1,2,36
263,26/05/2005 15:47,30/05/2005 10:07,2,22,0,1,2,31
264,26/05/2005 16:00,27/05/2005 10:12,3,21,0,1,2,16
265,26/05/2005 16:07,01/06/2005 14:20,1,8,0,1,1,21
266,26/05/2005 16:08,27/05/2005 10:55,1,5,0,1,2,33
267,26/05/2005 16:16,30/05/2005 16:53,3,9,0,1,2,11
268,26/05/2005 16:19,27/05/2005 14:35,1,6,0,1,1,14
269,26/05/2005 16:19,27/05/2005 15:59,3,21,0,1,2,34
270,26/05/2005 16:20,03/06/2005 12:40,3,33,0,1,2,7
271,26/05/2005 16:22,03/06/2005 17:30,3,24,0,1,2,13
272,26/05/2005 16:27,03/06/2005 13:10,2,10,0,1,2,37
273,26/05/2005 16:29,29/05/2005 18:49,1,5,0,1,2,35
274,26/05/2005 16:48,03/06/2005 18:17,1,10,0,1,1,28
275,26/05/2005 17:09,04/06/2005 22:35,2,10,0,1,1,48
276,26/05/2005 17:16,03/06/2005 12:59,2,12,0,1,1,5
277,26/05/2005 17:32,28/05/2005 22:54,3,18,0,1,1,43
278,26/05/2005 17:40,02/06/2005 16:43,3,33,0,1,2,25
279,26/05/2005 18:02,03/06/2005 18:48,3,24,0,1,2,23
280,26/05/2005 18:36,27/05/2005 23:42,3,18,0,1,1,40
281,26/05/2005 18:49,27/05/2005 18:11,1,11,0,1,2,9
282,26/05/2005 18:56,01/06/2005 16:32,1,8,0,1,2,33
283,26/05/2005 19:05,31/05/2005 19:19,2,10,0,1,1,26
284,26/05/2005 19:21,04/06/2005 14:18,1,11,0,1,2,30
285,26/05/2005 19:41,31/05/2005 16:58,2,8,0,1,2,12
286,26/05/2005 19:44,04/06/2005 18:00,1,6,0,1,2,47
287,26/05/2005 19:44,02/06/2005 1:10,3,30,0,1,1,14
288,26/05/2005 19:47,03/06/2005 20:53,1,7,0,1,2,15
289,26/05/2005 20:01,28/05/2005 15:09,2,14,0,1,1,17
290,26/05/2005 20:08,30/05/2005 0:32,1,4,0,1,1,34
291,26/05/2005 20:20,03/06/2005 2:06,2,8,0,1,2,45
292,26/05/2005 20:22,05/06/2005 0:58,2,6,0,1,1,43
293,26/05/2005 20:27,03/06/2005 16:45,3,18,0,1,2,33
294,26/05/2005 20:29,28/05/2005 17:20,1,11,0,1,1,28
295,26/05/2005 20:33,27/05/2005 18:23,2,12,0,1,2,42
296,26/05/2005 20:35,04/06/2005 2:31,3,18,0,1,2,25
297,26/05/2005 20:48,27/05/2005 19:52,3,12,0,1,2,47
298,26/05/2005 20:52,29/05/2005 22:08,3,33,0,1,2,8
299,26/05/2005 20:55,28/05/2005 0:25,2,14,0,1,2,45
300,26/05/2005 20:57,05/06/2005 1:34,2,16,0,1,2,41
301,26/05/2005 21:06,01/06/2005 1:54,2,6,0,1,2,15
302,26/05/2005 21:13,03/06/2005 15:49,1,9,0,1,2,36
303,26/05/2005 21:16,27/05/2005 23:41,1,9,0,1,2,49
304,26/05/2005 21:21,02/06/2005 0:05,2,6,0,1,1,1
305,26/05/2005 21:22,02/06/2005 22:33,2,8,0,1,2,38
306,26/05/2005 21:31,28/05/2005 19:37,3,33,0,1,1,26
307,26/05/2005 21:48,04/06/2005 22:24,2,22,0,1,1,46
308,26/05/2005 22:01,04/06/2005 20:24,3,33,0,1,2,30
309,26/05/2005 22:38,02/06/2005 3:10,3,27,0,1,2,42
310,26/05/2005 22:41,02/06/2005 4:09,3,12,0,1,1,50
311,26/05/2005 22:51,01/06/2005 0:02,2,6,0,1,1,10
312,26/05/2005 22:52,02/06/2005 18:14,3,12,0,1,2,3
313,26/05/2005 22:56,29/05/2005 1:29,3,33,0,1,2,30
314,26/05/2005 23:09,28/05/2005 22:49,3,15,0,1,2,18
315,26/05/2005 23:12,29/05/2005 23:33,2,22,0,1,1,5
316,26/05/2005 23:22,29/05/2005 23:25,3,27,0,1,2,28
317,26/05/2005 23:23,01/06/2005 19:56,3,9,0,1,2,11
318,26/05/2005 23:37,03/06/2005 4:31,2,6,0,1,2,34
319,26/05/2005 23:52,30/05/2005 18:55,2,20,0,1,1,16
320,27/05/2005 0:09,28/05/2005 4:30,3,24,0,1,2,44
321,27/05/2005 0:47,02/06/2005 0:32,1,9,0,1,1,35
322,27/05/2005 0:49,30/05/2005 3:12,2,14,0,1,1,24
323,27/05/2005 1:00,30/05/2005 4:27,1,10,0,1,1,9
324,27/05/2005 1:09,31/05/2005 7:01,1,10,0,1,2,20
325,27/05/2005 1:10,04/06/2005 20:25,1,5,0,1,2,3
326,27/05/2005 1:18,04/06/2005 4:06,2,8,0,1,1,42
327,27/05/2005 1:29,01/06/2005 2:27,3,18,0,1,1,44
328,27/05/2005 1:57,31/05/2005 4:19,2,20,0,1,2,23
329,27/05/2005 2:15,04/06/2005 5:09,2,14,0,1,2,2
330,27/05/2005 2:22,05/06/2005 0:25,2,12,0,1,1,14
331,27/05/2005 2:27,03/06/2005 1:26,3,27,0,1,2,34
332,27/05/2005 2:52,01/06/2005 0:55,2,14,0,1,2,18
333,27/05/2005 3:03,29/05/2005 3:54,3,18,0,1,1,14
334,27/05/2005 3:07,05/06/2005 0:15,2,16,0,1,2,4
335,27/05/2005 3:15,29/05/2005 22:43,3,24,0,1,1,18
336,27/05/2005 3:22,02/06/2005 3:27,2,10,0,1,1,7
337,27/05/2005 3:42,01/06/2005 5:23,2,20,0,1,2,46
338,27/05/2005 3:47,04/06/2005 5:46,2,6,0,1,2,22
339,27/05/2005 3:55,04/06/2005 7:57,3,33,0,1,2,49
340,27/05/2005 4:01,05/06/2005 8:51,1,4,0,1,1,46
341,27/05/2005 4:11,29/05/2005 1:28,3,21,0,1,2,10
342,27/05/2005 4:13,28/05/2005 8:34,3,33,0,1,1,10
343,27/05/2005 4:30,29/05/2005 10:13,3,24,0,1,2,4
344,27/05/2005 4:32,31/05/2005 9:50,2,22,0,1,1,42
345,27/05/2005 4:34,05/06/2005 4:24,3,15,0,1,2,14
346,27/05/2005 4:40,28/05/2005 9:56,1,9,0,1,2,6
347,27/05/2005 4:50,01/06/2005 4:43,1,5,0,1,1,26
348,27/05/2005 4:53,28/05/2005 6:33,3,27,0,1,2,21
349,27/05/2005 5:01,04/06/2005 5:01,3,12,0,1,2,49
350,27/05/2005 5:39,01/06/2005 11:10,3,12,0,1,1,28
351,27/05/2005 5:48,29/05/2005 9:05,3,24,0,1,1,17
352,27/05/2005 6:03,03/06/2005 4:39,3,33,0,1,2,9
353,27/05/2005 6:12,01/06/2005 6:48,3,12,0,1,1,30
354,27/05/2005 6:15,01/06/2005 2:50,3,27,0,1,2,9
355,27/05/2005 6:32,30/05/2005 6:24,3,27,0,1,2,17
356,27/05/2005 6:37,30/05/2005 7:04,2,8,0,1,2,13
357,27/05/2005 6:43,29/05/2005 11:28,2,22,0,1,2,22
358,27/05/2005 6:48,29/05/2005 3:55,2,8,0,1,1,16
359,27/05/2005 6:51,03/06/2005 1:58,2,10,0,1,1,37
360,27/05/2005 7:03,31/05/2005 8:01,3,21,0,1,1,32
361,27/05/2005 7:10,01/06/2005 8:34,1,10,0,1,1,46
362,27/05/2005 7:14,28/05/2005 12:22,2,18,0,1,2,25
363,27/05/2005 7:20,31/05/2005 10:44,1,4,0,1,2,44
364,27/05/2005 7:31,04/06/2005 4:46,2,12,0,1,1,45
365,27/05/2005 7:33,04/06/2005 1:55,1,10,0,1,2,48
366,27/05/2005 7:37,30/05/2005 5:43,3,9,0,1,2,28
367,27/05/2005 7:42,04/06/2005 11:20,3,15,0,1,2,30
368,27/05/2005 7:46,01/06/2005 6:20,1,7,0,1,2,3
369,27/05/2005 7:49,05/06/2005 6:39,3,27,0,1,2,48
370,27/05/2005 8:08,05/06/2005 3:05,2,12,0,1,2,21
371,27/05/2005 8:13,04/06/2005 3:50,2,14,0,1,2,9
372,27/05/2005 8:16,01/06/2005 11:41,1,7,0,1,1,46
373,27/05/2005 8:26,05/06/2005 7:13,2,16,0,1,1,31
374,27/05/2005 8:49,04/06/2005 14:11,2,6,0,1,1,24
375,27/05/2005 8:58,02/06/2005 4:48,2,10,0,1,1,14
376,27/05/2005 9:04,02/06/2005 3:36,3,12,0,1,2,19
377,27/05/2005 9:23,29/05/2005 15:20,3,24,0,1,1,41
378,27/05/2005 9:25,02/06/2005 6:19,2,20,0,1,1,7
379,27/05/2005 9:34,04/06/2005 11:45,3,9,0,1,1,42
380,27/05/2005 9:43,31/05/2005 12:00,1,3,0,1,1,42
381,27/05/2005 10:12,31/05/2005 15:03,3,30,0,1,1,39
382,27/05/2005 10:12,03/06/2005 10:37,2,22,0,1,1,25
383,27/05/2005 10:18,02/06/2005 9:21,3,30,0,1,2,27
384,27/05/2005 10:23,30/05/2005 15:27,1,4,0,1,2,10
385,27/05/2005 10:26,30/05/2005 8:32,3,18,0,1,1,8
386,27/05/2005 10:35,01/06/2005 13:37,3,30,0,1,2,2
387,27/05/2005 10:37,30/05/2005 5:45,2,18,0,1,1,44
388,27/05/2005 10:45,05/06/2005 6:22,1,11,0,1,2,28
389,27/05/2005 11:02,02/06/2005 16:09,3,24,0,1,2,37
390,27/05/2005 11:03,01/06/2005 11:59,3,18,0,1,2,34
391,27/05/2005 11:14,01/06/2005 14:28,1,7,0,1,2,22
392,27/05/2005 11:18,28/05/2005 7:10,3,18,0,1,2,36
393,27/05/2005 11:26,03/06/2005 16:44,1,7,0,1,2,43
394,27/05/2005 11:45,31/05/2005 13:42,1,5,0,1,1,8
395,27/05/2005 11:47,29/05/2005 10:14,2,14,0,1,1,5
396,27/05/2005 12:29,28/05/2005 17:36,1,7,0,1,2,6
397,27/05/2005 12:44,02/06/2005 8:19,3,15,0,1,1,29
398,27/05/2005 12:48,29/05/2005 15:27,2,12,0,1,1,41
399,27/05/2005 12:51,31/05/2005 8:34,3,33,0,1,2,21
400,27/05/2005 12:57,29/05/2005 17:55,1,9,0,1,2,34
401,27/05/2005 13:17,30/05/2005 8:53,2,8,0,1,2,24
402,27/05/2005 13:28,29/05/2005 11:47,2,22,0,1,2,16
403,27/05/2005 13:31,30/05/2005 16:58,1,10,0,1,1,19
404,27/05/2005 13:32,05/06/2005 18:53,2,12,0,1,2,32
405,27/05/2005 13:46,30/05/2005 12:43,2,18,0,1,1,26
406,27/05/2005 13:57,31/05/2005 18:23,1,3,0,1,1,22
407,27/05/2005 13:57,28/05/2005 11:57,1,5,0,1,1,49
408,27/05/2005 14:10,02/06/2005 10:40,2,14,0,1,2,24
409,27/05/2005 14:11,02/06/2005 20:06,1,9,0,1,2,48
410,27/05/2005 14:14,03/06/2005 17:39,1,6,0,1,1,43
411,27/05/2005 14:17,29/05/2005 15:07,2,8,0,1,2,23
412,27/05/2005 14:45,03/06/2005 11:11,1,11,0,1,1,6
413,27/05/2005 14:48,31/05/2005 14:39,3,21,0,1,2,18
414,27/05/2005 14:51,28/05/2005 19:07,2,12,0,1,2,7
415,27/05/2005 15:02,29/05/2005 10:34,3,18,0,1,2,48
416,27/05/2005 15:07,29/05/2005 20:01,3,27,0,1,2,13
417,27/05/2005 15:13,04/06/2005 12:05,1,9,0,1,2,3
418,27/05/2005 15:15,02/06/2005 11:53,2,10,0,1,1,4
419,27/05/2005 15:19,03/06/2005 15:07,2,22,0,1,2,19
420,27/05/2005 15:30,04/06/2005 13:19,2,18,0,1,2,13
421,27/05/2005 15:31,01/06/2005 11:47,3,18,0,1,2,50
422,27/05/2005 15:32,02/06/2005 19:03,2,10,0,1,1,34
423,27/05/2005 15:34,05/06/2005 9:44,3,33,0,1,1,49
424,27/05/2005 15:51,03/06/2005 16:52,1,10,0,1,2,15
425,27/05/2005 15:56,05/06/2005 11:45,1,10,0,1,1,31
426,27/05/2005 16:10,05/06/2005 13:22,1,10,0,1,2,49
427,27/05/2005 16:10,31/05/2005 17:24,3,21,0,1,2,35
428,27/05/2005 16:21,05/06/2005 20:23,3,21,0,1,2,43
429,27/05/2005 16:22,05/06/2005 13:10,1,11,0,1,1,13
430,27/05/2005 16:31,05/06/2005 11:29,3,33,0,1,1,44
431,27/05/2005 16:40,29/05/2005 16:20,1,7,0,1,1,48
432,27/05/2005 16:40,30/05/2005 19:55,2,16,0,1,2,48
433,27/05/2005 16:54,04/06/2005 22:26,1,4,0,1,1,43
434,27/05/2005 17:17,02/06/2005 11:20,2,14,0,1,2,45
435,27/05/2005 17:21,30/05/2005 21:26,1,7,0,1,2,46
436,27/05/2005 17:47,05/06/2005 14:22,3,15,0,1,2,22
437,27/05/2005 17:52,05/06/2005 22:23,3,15,0,1,2,41
438,27/05/2005 17:54,02/06/2005 23:01,2,22,0,1,2,47
439,27/05/2005 18:00,29/05/2005 16:15,1,8,0,1,1,2
440,27/05/2005 18:11,30/05/2005 22:45,3,33,0,1,1,47
441,27/05/2005 18:12,30/05/2005 12:30,1,10,0,1,2,25
442,27/05/2005 18:35,04/06/2005 18:58,2,6,0,1,1,32
443,27/05/2005 18:39,01/06/2005 15:56,1,4,0,1,1,46
444,27/05/2005 18:42,30/05/2005 22:35,1,7,0,1,2,2
445,27/05/2005 18:48,03/06/2005 16:42,3,30,0,1,2,47
446,27/05/2005 18:57,05/06/2005 18:38,3,12,0,1,1,38
447,27/05/2005 19:03,03/06/2005 20:28,1,7,0,1,2,13
448,27/05/2005 19:13,04/06/2005 1:08,1,5,0,1,2,33
449,27/05/2005 19:18,05/06/2005 23:52,3,9,0,1,1,10
450,27/05/2005 19:27,29/05/2005 1:07,1,10,0,1,2,25
451,27/05/2005 19:30,30/05/2005 20:53,1,11,0,1,2,35
452,27/05/2005 19:31,29/05/2005 23:06,3,24,0,1,1,17
453,27/05/2005 19:31,30/05/2005 15:46,2,20,0,1,1,47
454,27/05/2005 19:43,04/06/2005 23:40,1,7,0,1,2,9
455,27/05/2005 19:50,02/06/2005 22:14,3,18,0,1,1,1
456,27/05/2005 19:52,02/06/2005 17:17,3,9,0,1,2,3
457,27/05/2005 19:58,06/06/2005 0:51,1,3,0,1,1,23
458,27/05/2005 20:00,29/05/2005 22:47,3,33,0,1,1,34
459,27/05/2005 20:02,28/05/2005 16:14,2,12,0,1,1,31
460,27/05/2005 20:08,01/06/2005 14:32,3,18,0,1,1,23
461,27/05/2005 20:10,03/06/2005 21:12,2,8,0,1,2,4
462,27/05/2005 20:11,04/06/2005 21:18,2,22,0,1,1,15
463,27/05/2005 20:42,30/05/2005 0:49,3,15,0,1,2,24
464,27/05/2005 20:44,02/06/2005 2:43,3,30,0,1,1,15
465,27/05/2005 20:57,29/05/2005 15:52,1,5,0,1,1,47
466,27/05/2005 21:10,01/06/2005 16:08,3,9,0,1,1,28
467,27/05/2005 21:13,04/06/2005 15:26,1,7,0,1,2,17
468,27/05/2005 21:14,05/06/2005 21:51,1,10,0,1,1,11
469,27/05/2005 21:17,04/06/2005 17:47,1,7,0,1,1,45
470,27/05/2005 21:32,31/05/2005 0:39,2,8,0,1,2,45
471,27/05/2005 21:36,29/05/2005 21:07,1,7,0,1,1,38
472,27/05/2005 21:36,05/06/2005 17:02,1,4,0,1,1,22
473,27/05/2005 22:11,31/05/2005 19:07,1,8,0,1,1,27
474,27/05/2005 22:16,28/05/2005 19:58,3,9,0,1,1,11
475,27/05/2005 22:31,03/06/2005 19:12,1,10,0,1,1,27
476,27/05/2005 22:33,02/06/2005 18:35,3,30,0,1,2,6
477,27/05/2005 22:38,31/05/2005 18:39,1,10,0,1,2,2
478,27/05/2005 22:39,05/06/2005 22:46,1,11,0,1,2,45
479,27/05/2005 22:47,04/06/2005 21:17,2,14,0,1,2,50
480,27/05/2005 22:49,30/05/2005 17:46,1,11,0,1,2,13
481,27/05/2005 22:53,01/06/2005 22:53,1,9,0,1,2,27
482,27/05/2005 23:00,28/05/2005 21:30,3,27,0,1,1,13
483,27/05/2005 23:26,29/05/2005 21:16,3,21,0,1,2,19
484,27/05/2005 23:40,28/05/2005 22:40,2,10,0,1,2,36
485,27/05/2005 23:51,28/05/2005 20:26,3,33,0,1,1,33
486,28/05/2005 0:00,28/05/2005 19:18,3,9,0,1,2,24
487,28/05/2005 0:07,03/06/2005 22:30,1,7,0,1,2,24
488,28/05/2005 0:09,31/05/2005 4:44,1,10,0,1,2,4
489,28/05/2005 0:09,30/05/2005 22:32,2,14,0,1,2,26
490,28/05/2005 0:13,29/05/2005 0:11,1,7,0,1,2,47
491,28/05/2005 0:24,28/05/2005 22:34,1,4,0,1,1,30
492,28/05/2005 0:34,30/05/2005 18:40,1,6,0,1,1,27
493,28/05/2005 0:39,02/06/2005 19:35,3,21,0,1,1,16
494,28/05/2005 0:40,29/05/2005 6:07,1,11,0,1,1,38
495,28/05/2005 0:43,04/06/2005 3:56,3,27,0,1,1,33
496,28/05/2005 0:54,03/06/2005 20:47,1,9,0,1,2,12
497,28/05/2005 1:01,30/05/2005 21:20,1,7,0,1,2,18
498,28/05/2005 1:05,05/06/2005 19:54,1,7,0,1,2,13
499,28/05/2005 1:05,31/05/2005 20:04,1,9,0,1,1,35
500,28/05/2005 1:09,30/05/2005 6:14,2,12,0,1,2,16
501,28/05/2005 1:34,31/05/2005 1:02,3,12,0,1,2,44
502,28/05/2005 1:35,28/05/2005 22:12,2,12,0,1,2,31
503,28/05/2005 2:05,30/05/2005 23:03,3,12,0,1,1,8
504,28/05/2005 2:06,29/05/2005 6:57,3,18,0,1,1,36
505,28/05/2005 2:09,05/06/2005 20:34,3,24,0,1,1,50
506,28/05/2005 2:31,02/06/2005 5:07,3,33,0,1,2,29
507,28/05/2005 2:40,05/06/2005 3:05,2,12,0,1,1,32
508,28/05/2005 2:51,31/05/2005 6:27,2,6,0,1,1,38
509,28/05/2005 2:52,30/05/2005 21:20,2,16,0,1,2,17
510,28/05/2005 3:04,03/06/2005 4:58,3,18,0,1,1,40
511,28/05/2005 3:07,05/06/2005 2:12,2,20,0,1,2,22
512,28/05/2005 3:08,29/05/2005 7:22,1,9,0,1,1,24
513,28/05/2005 3:09,05/06/2005 0:49,1,10,0,1,2,9
514,28/05/2005 3:10,04/06/2005 2:18,3,9,0,1,2,24
515,28/05/2005 3:11,04/06/2005 2:19,3,18,0,1,1,5
516,28/05/2005 3:17,29/05/2005 6:33,3,24,0,1,1,19
517,28/05/2005 3:18,30/05/2005 5:32,2,16,0,1,1,40
518,28/05/2005 3:22,03/06/2005 5:06,2,14,0,1,1,34
519,28/05/2005 3:27,04/06/2005 5:47,1,11,0,1,1,2
520,28/05/2005 3:32,28/05/2005 22:37,3,33,0,1,1,1
521,28/05/2005 3:33,31/05/2005 4:23,3,18,0,1,1,25
522,28/05/2005 3:53,31/05/2005 5:58,3,24,0,1,2,35
523,28/05/2005 3:57,31/05/2005 5:20,1,10,0,1,1,26
524,28/05/2005 4:25,06/06/2005 4:18,1,5,0,1,1,6
525,28/05/2005 4:27,30/05/2005 7:52,1,9,0,1,1,30
526,28/05/2005 4:28,02/06/2005 8:19,1,9,0,1,1,10
527,28/05/2005 4:30,03/06/2005 10:01,2,14,0,1,2,17
528,28/05/2005 4:34,30/05/2005 0:35,3,24,0,1,1,1
529,28/05/2005 5:13,01/06/2005 10:21,3,18,0,1,2,2
530,28/05/2005 5:23,29/05/2005 8:00,1,8,0,1,2,11
531,28/05/2005 5:36,02/06/2005 1:50,1,10,0,1,1,16
532,28/05/2005 6:14,01/06/2005 6:26,2,14,0,1,2,40
533,28/05/2005 6:15,06/06/2005 7:51,1,4,0,1,1,10
534,28/05/2005 6:16,31/05/2005 2:48,3,15,0,1,1,27
535,28/05/2005 6:17,03/06/2005 10:02,2,18,0,1,2,11
536,28/05/2005 6:20,05/06/2005 11:48,1,8,0,1,2,34
537,28/05/2005 6:21,02/06/2005 1:22,3,33,0,1,2,16
538,28/05/2005 6:26,30/05/2005 2:02,1,4,0,1,1,31
539,28/05/2005 6:40,06/06/2005 0:47,3,30,0,1,1,6
540,28/05/2005 6:41,02/06/2005 9:12,2,18,0,1,2,37
541,28/05/2005 6:42,03/06/2005 9:05,1,4,0,1,1,20
542,28/05/2005 6:43,06/06/2005 7:16,1,10,0,1,2,44
543,28/05/2005 7:03,06/06/2005 6:23,3,9,0,1,1,45
544,28/05/2005 7:10,04/06/2005 1:47,3,24,0,1,2,46
545,28/05/2005 7:16,01/06/2005 8:36,2,18,0,1,1,47
546,28/05/2005 7:24,06/06/2005 1:31,3,15,0,1,2,44
547,28/05/2005 7:34,05/06/2005 3:14,3,30,0,1,2,29
548,28/05/2005 7:35,02/06/2005 9:08,1,7,0,1,1,49
549,28/05/2005 7:39,06/06/2005 12:20,1,4,0,1,2,10
550,28/05/2005 7:44,02/06/2005 12:55,2,14,0,1,2,7
551,28/05/2005 7:53,04/06/2005 12:45,3,27,0,1,2,47
552,28/05/2005 8:14,02/06/2005 3:01,3,24,0,1,2,5
553,28/05/2005 8:23,31/05/2005 3:29,2,8,0,1,2,17
554,28/05/2005 8:31,30/05/2005 7:34,1,8,0,1,2,28
555,28/05/2005 8:31,06/06/2005 7:29,1,5,0,1,2,31
556,28/05/2005 8:36,03/06/2005 10:42,1,11,0,1,2,5
557,28/05/2005 8:38,06/06/2005 13:52,1,9,0,1,1,22
558,28/05/2005 8:39,05/06/2005 8:38,1,4,0,1,2,39
559,28/05/2005 8:53,04/06/2005 12:27,1,10,0,1,2,3
560,28/05/2005 8:54,05/06/2005 5:54,2,16,0,1,1,15
561,28/05/2005 9:01,02/06/2005 5:26,2,22,0,1,2,39
562,28/05/2005 9:10,06/06/2005 11:32,1,7,0,1,1,29
563,28/05/2005 9:12,29/05/2005 5:07,2,8,0,1,1,35
564,28/05/2005 9:26,01/06/2005 7:28,3,33,0,1,1,48
565,28/05/2005 9:51,05/06/2005 9:35,1,11,0,1,1,33
566,28/05/2005 9:56,01/06/2005 6:41,3,24,0,1,2,46
567,28/05/2005 9:57,31/05/2005 15:44,1,4,0,1,1,32
568,28/05/2005 10:12,03/06/2005 10:08,3,15,0,1,2,13
569,28/05/2005 10:15,30/05/2005 8:32,3,18,0,1,1,27
570,28/05/2005 10:17,05/06/2005 7:56,2,12,0,1,1,43
571,28/05/2005 10:30,02/06/2005 5:04,2,16,0,1,2,50
572,28/05/2005 10:35,03/06/2005 6:32,2,10,0,1,1,22
573,28/05/2005 10:44,04/06/2005 11:42,3,18,0,1,1,3
574,28/05/2005 10:56,05/06/2005 15:39,1,6,0,1,1,1
575,28/05/2005 10:56,04/06/2005 13:15,2,20,0,1,2,2
576,28/05/2005 11:09,01/06/2005 13:27,2,20,0,1,2,27
577,28/05/2005 11:15,02/06/2005 9:59,3,9,0,1,1,14
578,28/05/2005 11:19,02/06/2005 13:51,2,18,0,1,1,28
579,28/05/2005 11:19,01/06/2005 10:44,2,6,0,1,2,46
580,28/05/2005 11:20,04/06/2005 12:37,3,18,0,1,2,15
581,28/05/2005 11:33,29/05/2005 8:33,2,12,0,1,1,1
582,28/05/2005 11:48,04/06/2005 7:09,3,9,0,1,2,10
583,28/05/2005 11:49,01/06/2005 11:54,2,10,0,1,1,12
584,28/05/2005 11:50,03/06/2005 15:35,1,11,0,1,2,36
585,28/05/2005 12:03,29/05/2005 13:16,2,20,0,1,1,21
586,28/05/2005 12:05,30/05/2005 13:45,1,8,0,1,2,49
587,28/05/2005 12:08,29/05/2005 16:25,2,16,0,1,2,50
588,28/05/2005 12:27,03/06/2005 7:15,1,11,0,1,2,21
589,28/05/2005 13:06,02/06/2005 9:18,2,6,0,1,1,48
590,28/05/2005 13:11,29/05/2005 17:20,2,14,0,1,2,31
591,28/05/2005 13:21,29/05/2005 16:55,1,9,0,1,1,43
592,28/05/2005 13:33,30/05/2005 17:10,2,6,0,1,2,34
593,28/05/2005 13:41,30/05/2005 12:00,1,3,0,1,1,10
594,28/05/2005 13:59,05/06/2005 15:16,3,12,0,1,1,7
595,28/05/2005 14:00,29/05/2005 17:10,3,33,0,1,1,27
596,28/05/2005 14:01,06/06/2005 19:06,1,10,0,1,2,7
597,28/05/2005 14:04,03/06/2005 18:00,1,7,0,1,2,1
598,28/05/2005 14:05,01/06/2005 16:41,3,30,0,1,2,36
599,28/05/2005 14:08,03/06/2005 11:57,3,33,0,1,2,34
600,28/05/2005 14:08,04/06/2005 10:50,2,14,0,1,1,24
601,28/05/2005 14:15,05/06/2005 15:16,2,16,0,1,2,22
602,28/05/2005 14:27,29/05/2005 13:13,3,21,0,1,1,35
603,28/05/2005 14:37,03/06/2005 11:03,2,12,0,1,2,28
604,28/05/2005 14:39,01/06/2005 9:28,1,5,0,1,2,4
605,28/05/2005 14:48,04/06/2005 9:44,2,6,0,1,2,29
606,28/05/2005 15:02,30/05/2005 12:54,1,10,0,1,2,21
607,28/05/2005 15:03,04/06/2005 17:14,2,8,0,1,2,40
608,28/05/2005 15:04,05/06/2005 14:47,1,10,0,1,2,22
609,28/05/2005 15:15,02/06/2005 12:30,3,27,0,1,2,27
610,28/05/2005 15:18,31/05/2005 20:15,3,12,0,1,2,49
611,28/05/2005 15:24,30/05/2005 14:22,3,21,0,1,2,3
612,28/05/2005 15:27,02/06/2005 20:01,3,18,0,1,1,37
613,28/05/2005 15:33,04/06/2005 12:27,3,24,0,1,2,49
614,28/05/2005 15:35,03/06/2005 17:35,3,27,0,1,2,47
615,28/05/2005 15:45,02/06/2005 9:55,2,10,0,1,1,30
616,28/05/2005 15:49,31/05/2005 14:29,3,12,0,1,2,50
617,28/05/2005 15:50,01/06/2005 19:45,3,24,0,1,1,17
618,28/05/2005 15:52,06/06/2005 17:55,1,6,0,1,2,5
619,28/05/2005 15:54,04/06/2005 20:26,2,16,0,1,1,40
620,28/05/2005 15:58,30/05/2005 21:54,2,18,0,1,1,33
621,28/05/2005 15:58,04/06/2005 10:13,1,3,0,1,1,25
622,28/05/2005 16:01,30/05/2005 11:19,1,3,0,1,1,28
623,28/05/2005 16:13,06/06/2005 20:35,2,18,0,1,1,39
624,28/05/2005 16:35,01/06/2005 14:19,2,22,0,1,1,23
625,28/05/2005 16:58,01/06/2005 14:02,2,8,0,1,2,16
626,28/05/2005 17:04,04/06/2005 19:58,3,30,0,1,2,19
627,28/05/2005 17:05,06/06/2005 16:29,3,15,0,1,2,23
628,28/05/2005 17:19,02/06/2005 20:01,1,8,0,1,2,16
629,28/05/2005 17:24,05/06/2005 20:05,2,16,0,1,2,20
630,28/05/2005 17:36,03/06/2005 14:56,3,21,0,1,2,26
631,28/05/2005 17:37,03/06/2005 16:04,1,11,0,1,1,14
632,28/05/2005 17:37,03/06/2005 22:49,2,22,0,1,2,14
633,28/05/2005 17:40,05/06/2005 16:18,1,3,0,1,2,6
634,28/05/2005 17:46,06/06/2005 18:24,1,3,0,1,1,13
635,28/05/2005 17:47,04/06/2005 16:32,3,15,0,1,1,18
636,28/05/2005 18:14,29/05/2005 23:48,3,24,0,1,2,32
637,28/05/2005 18:24,02/06/2005 19:03,1,10,0,1,2,4
638,28/05/2005 18:25,29/05/2005 18:22,3,12,0,1,1,10
639,28/05/2005 18:43,30/05/2005 13:39,3,12,0,1,1,3
640,28/05/2005 18:45,04/06/2005 15:24,2,16,0,1,1,22
641,28/05/2005 18:49,01/06/2005 20:50,1,3,0,1,2,36
642,28/05/2005 18:52,31/05/2005 15:15,3,21,0,1,2,4
643,28/05/2005 18:59,04/06/2005 18:06,1,3,0,1,1,6
644,28/05/2005 19:14,05/06/2005 14:01,2,16,0,1,1,46
645,28/05/2005 19:16,31/05/2005 16:50,3,27,0,1,2,8
646,28/05/2005 19:22,01/06/2005 0:10,2,14,0,1,1,36
647,28/05/2005 19:25,03/06/2005 15:57,3,9,0,1,2,23
648,28/05/2005 19:35,05/06/2005 16:00,1,4,0,1,1,22
649,28/05/2005 19:45,29/05/2005 21:02,3,9,0,1,1,44
650,28/05/2005 19:46,30/05/2005 16:29,2,16,0,1,1,9
651,28/05/2005 20:08,29/05/2005 14:57,2,16,0,1,2,45
652,28/05/2005 20:12,04/06/2005 14:44,3,9,0,1,2,40
653,28/05/2005 20:15,30/05/2005 22:02,2,20,0,1,2,13
654,28/05/2005 20:16,31/05/2005 16:46,2,12,0,1,2,47
655,28/05/2005 20:18,30/05/2005 16:19,1,4,0,1,1,43
656,28/05/2005 20:23,01/06/2005 2:11,1,5,0,1,1,6
657,28/05/2005 20:23,06/06/2005 19:31,2,10,0,1,2,47
658,28/05/2005 20:27,31/05/2005 1:36,1,5,0,1,2,11
659,28/05/2005 20:53,30/05/2005 15:26,3,33,0,1,1,8
660,28/05/2005 21:01,02/06/2005 1:22,2,6,0,1,2,21
661,28/05/2005 21:09,01/06/2005 19:00,2,10,0,1,2,13
662,28/05/2005 21:23,02/06/2005 17:39,1,5,0,1,2,16
663,28/05/2005 21:31,02/06/2005 20:56,3,27,0,1,2,3
664,28/05/2005 21:38,29/05/2005 21:37,3,30,0,1,1,26
665,28/05/2005 21:48,05/06/2005 16:45,2,8,0,1,2,10
666,28/05/2005 21:49,31/05/2005 3:07,1,6,0,1,1,35
667,28/05/2005 21:54,29/05/2005 22:32,1,10,0,1,1,25
668,28/05/2005 22:03,03/06/2005 3:39,2,18,0,1,1,9
669,28/05/2005 22:04,06/06/2005 22:43,1,7,0,1,2,35
670,28/05/2005 22:04,03/06/2005 1:21,3,21,0,1,2,22
671,28/05/2005 22:05,06/06/2005 2:10,2,18,0,1,2,28
672,28/05/2005 22:07,01/06/2005 23:42,2,12,0,1,1,38
673,28/05/2005 22:11,01/06/2005 23:58,2,14,0,1,2,1
674,28/05/2005 22:22,01/06/2005 2:57,3,27,0,1,2,14
675,28/05/2005 22:27,29/05/2005 20:36,1,4,0,1,2,50
676,28/05/2005 23:00,05/06/2005 19:11,2,12,0,1,2,10
677,28/05/2005 23:15,03/06/2005 4:43,3,18,0,1,2,45
678,28/05/2005 23:24,06/06/2005 21:59,2,14,0,1,2,48
679,28/05/2005 23:27,02/06/2005 2:28,3,33,0,1,2,45
680,28/05/2005 23:39,01/06/2005 1:42,2,22,0,1,1,21
681,28/05/2005 23:53,29/05/2005 19:14,2,10,0,1,2,4
682,29/05/2005 0:09,02/06/2005 4:27,2,22,0,1,1,2
683,29/05/2005 0:13,04/06/2005 21:26,2,14,0,1,2,45
684,29/05/2005 0:17,05/06/2005 5:32,1,11,0,1,2,1
685,29/05/2005 0:27,30/05/2005 2:29,1,4,0,1,1,39
686,29/05/2005 0:32,31/05/2005 23:53,2,18,0,1,1,5
687,29/05/2005 0:45,02/06/2005 1:30,1,9,0,1,1,10
688,29/05/2005 0:46,03/06/2005 23:48,1,9,0,1,2,45
689,29/05/2005 0:54,06/06/2005 0:45,2,10,0,1,1,41
690,29/05/2005 1:01,07/06/2005 6:21,3,15,0,1,1,26
691,29/05/2005 1:32,02/06/2005 3:54,1,10,0,1,2,7
692,29/05/2005 1:42,03/06/2005 2:29,2,20,0,1,2,48
693,29/05/2005 1:49,05/06/2005 6:52,3,15,0,1,1,6
694,29/05/2005 1:50,03/06/2005 2:28,1,5,0,1,1,38
695,29/05/2005 1:59,01/06/2005 2:45,2,6,0,1,1,24
696,29/05/2005 2:04,04/06/2005 0:47,1,7,0,1,2,17
697,29/05/2005 2:10,01/06/2005 21:52,2,20,0,1,1,19
698,29/05/2005 2:11,04/06/2005 20:23,3,18,0,1,2,1
699,29/05/2005 2:18,30/05/2005 5:54,3,9,0,1,1,38
700,29/05/2005 2:26,03/06/2005 4:59,3,27,0,1,1,46
701,29/05/2005 2:27,30/05/2005 1:52,3,24,0,1,2,38
702,29/05/2005 2:29,03/06/2005 4:54,3,30,0,1,2,17
703,29/05/2005 2:44,06/06/2005 1:51,2,18,0,1,2,34
704,29/05/2005 2:48,30/05/2005 6:21,1,5,0,1,1,19
705,29/05/2005 3:05,04/06/2005 22:48,2,20,0,1,1,40
706,29/05/2005 3:18,30/05/2005 2:45,1,7,0,1,1,43
707,29/05/2005 3:23,31/05/2005 21:27,1,9,0,1,2,23
708,29/05/2005 3:48,06/06/2005 5:21,3,33,0,1,1,19
709,29/05/2005 3:48,03/06/2005 5:03,1,5,0,1,1,48
710,29/05/2005 3:49,31/05/2005 8:29,1,5,0,1,2,46
711,29/05/2005 4:02,30/05/2005 3:09,1,11,0,1,2,46
712,29/05/2005 4:10,07/06/2005 7:13,3,33,0,1,1,35
713,29/05/2005 4:15,01/06/2005 23:05,3,33,0,1,2,20
714,29/05/2005 4:22,05/06/2005 9:28,2,8,0,1,1,10
715,29/05/2005 4:35,01/06/2005 7:42,2,6,0,1,2,40
716,29/05/2005 4:37,30/05/2005 5:48,2,6,0,1,2,42
717,29/05/2005 4:52,02/06/2005 2:27,2,14,0,1,1,8
718,29/05/2005 5:16,01/06/2005 7:53,2,10,0,1,2,5
719,29/05/2005 5:17,06/06/2005 2:47,3,9,0,1,2,28
720,29/05/2005 5:28,31/05/2005 11:24,1,10,0,1,1,21
721,29/05/2005 5:30,06/06/2005 4:51,1,7,0,1,1,5
722,29/05/2005 5:34,30/05/2005 5:50,3,21,0,1,1,40
723,29/05/2005 5:53,05/06/2005 4:01,3,33,0,1,2,46
724,29/05/2005 6:03,03/06/2005 8:52,1,11,0,1,2,21
725,29/05/2005 6:05,05/06/2005 4:40,2,8,0,1,2,9
726,29/05/2005 6:08,30/05/2005 7:16,3,30,0,1,1,10
727,29/05/2005 6:12,03/06/2005 7:41,2,12,0,1,1,28
728,29/05/2005 6:35,04/06/2005 3:23,2,16,0,1,2,11
729,29/05/2005 7:00,06/06/2005 1:17,1,5,0,1,1,31
730,29/05/2005 7:25,30/05/2005 5:21,2,22,0,1,1,40
731,29/05/2005 7:32,30/05/2005 10:08,2,18,0,1,2,29
732,29/05/2005 7:35,05/06/2005 9:14,2,8,0,1,1,8
733,29/05/2005 7:38,03/06/2005 10:17,1,11,0,1,2,3
734,29/05/2005 8:08,07/06/2005 13:35,1,4,0,1,1,25
735,29/05/2005 8:10,05/06/2005 10:21,3,21,0,1,2,25
736,29/05/2005 8:11,04/06/2005 11:18,3,9,0,1,2,29
737,29/05/2005 8:20,06/06/2005 8:59,3,12,0,1,2,19
738,29/05/2005 8:28,06/06/2005 9:21,3,12,0,1,2,19
739,29/05/2005 8:30,04/06/2005 12:47,2,16,0,1,2,25
740,29/05/2005 8:35,04/06/2005 11:55,1,10,0,1,1,14
741,29/05/2005 8:36,05/06/2005 11:30,2,16,0,1,1,49
742,29/05/2005 8:39,06/06/2005 8:42,3,21,0,1,2,38
743,29/05/2005 9:13,01/06/2005 7:05,1,8,0,1,2,36
744,29/05/2005 9:22,01/06/2005 9:10,3,24,0,1,1,44
745,29/05/2005 9:25,02/06/2005 4:20,1,11,0,1,2,31
746,29/05/2005 9:26,05/06/2005 7:28,2,8,0,1,1,2
747,29/05/2005 9:27,03/06/2005 4:25,3,15,0,1,1,46
748,29/05/2005 9:33,31/05/2005 11:45,2,6,0,1,2,27
749,29/05/2005 9:41,30/05/2005 13:31,1,3,0,1,1,17
750,29/05/2005 9:55,02/06/2005 4:54,3,24,0,1,1,10
751,29/05/2005 10:14,04/06/2005 6:30,3,12,0,1,1,37
752,29/05/2005 10:16,05/06/2005 8:52,1,5,0,1,2,31
753,29/05/2005 10:18,04/06/2005 5:03,3,21,0,1,2,13
754,29/05/2005 10:26,01/06/2005 10:25,3,18,0,1,2,37
755,29/05/2005 10:28,04/06/2005 12:50,2,14,0,1,1,41
756,29/05/2005 10:29,07/06/2005 15:27,3,9,0,1,1,14
757,29/05/2005 10:31,01/06/2005 14:53,3,15,0,1,2,42
758,29/05/2005 10:57,07/06/2005 16:23,1,6,0,1,2,48
759,29/05/2005 11:07,02/06/2005 14:16,1,7,0,1,1,10
760,29/05/2005 11:09,03/06/2005 16:18,2,10,0,1,2,43
761,29/05/2005 11:15,06/06/2005 7:48,1,3,0,1,1,21
762,29/05/2005 11:32,31/05/2005 17:31,1,3,0,1,1,40
763,29/05/2005 11:37,31/05/2005 16:47,3,24,0,1,1,33
764,29/05/2005 11:38,02/06/2005 17:04,2,6,0,1,1,40
765,29/05/2005 11:47,06/06/2005 7:14,3,9,0,1,1,14
766,29/05/2005 12:20,02/06/2005 14:15,3,27,0,1,2,32
767,29/05/2005 12:30,07/06/2005 9:00,2,10,0,1,2,22
768,29/05/2005 12:51,01/06/2005 17:43,1,7,0,1,1,13
769,29/05/2005 12:56,07/06/2005 15:54,1,11,0,1,2,20
770,29/05/2005 12:59,01/06/2005 16:05,1,9,0,1,2,29
771,29/05/2005 13:08,06/06/2005 8:19,3,24,0,1,1,29
772,29/05/2005 13:18,07/06/2005 17:22,1,11,0,1,1,22
773,29/05/2005 13:19,01/06/2005 18:51,3,15,0,1,1,5
774,29/05/2005 13:23,30/05/2005 7:53,3,24,0,1,2,38
775,29/05/2005 13:35,03/06/2005 17:33,1,8,0,1,1,28
776,29/05/2005 14:07,03/06/2005 8:41,1,11,0,1,2,48
777,29/05/2005 14:09,05/06/2005 20:05,1,5,0,1,1,32
778,29/05/2005 14:17,06/06/2005 16:46,1,7,0,1,1,10
779,29/05/2005 14:18,06/06/2005 20:14,2,6,0,1,1,43
780,29/05/2005 14:23,30/05/2005 17:44,1,5,0,1,1,41
781,29/05/2005 14:38,02/06/2005 13:18,2,14,0,1,2,6
782,29/05/2005 14:41,06/06/2005 10:39,1,3,0,1,2,48
783,29/05/2005 14:44,01/06/2005 17:28,3,21,0,1,2,23
784,29/05/2005 15:08,30/05/2005 15:51,3,30,0,1,1,47
785,29/05/2005 15:17,07/06/2005 10:07,2,10,0,1,2,28
786,29/05/2005 16:03,07/06/2005 11:07,3,21,0,1,2,13
787,29/05/2005 16:13,31/05/2005 16:40,3,30,0,1,1,14
788,29/05/2005 16:17,06/06/2005 18:15,3,18,0,1,1,38
789,29/05/2005 16:19,02/06/2005 17:22,2,20,0,1,2,35
790,29/05/2005 16:30,01/06/2005 19:11,2,20,0,1,1,42
791,29/05/2005 16:32,31/05/2005 18:01,3,12,0,1,1,44
792,29/05/2005 16:44,06/06/2005 19:21,3,18,0,1,2,31
793,29/05/2005 16:44,05/06/2005 16:11,3,15,0,1,1,11
794,29/05/2005 16:57,01/06/2005 11:33,1,7,0,1,2,38
795,29/05/2005 16:59,03/06/2005 16:22,2,16,0,1,2,14
796,29/05/2005 17:12,03/06/2005 16:06,2,16,0,1,1,25
797,29/05/2005 17:23,01/06/2005 13:06,2,6,0,1,2,32
798,29/05/2005 17:24,05/06/2005 12:25,1,11,0,1,1,26
799,29/05/2005 17:28,30/05/2005 14:59,3,18,0,1,1,46
800,29/05/2005 17:35,04/06/2005 17:05,2,16,0,1,2,50
801,29/05/2005 17:38,31/05/2005 22:42,1,7,0,1,2,29
802,29/05/2005 17:52,30/05/2005 14:35,3,24,0,1,2,36
803,29/05/2005 18:10,06/06/2005 22:53,2,8,0,1,1,38
804,29/05/2005 18:18,07/06/2005 15:11,2,16,0,1,2,38
805,29/05/2005 18:31,31/05/2005 0:18,3,15,0,1,2,5
806,29/05/2005 18:50,03/06/2005 18:36,3,27,0,1,2,12
807,29/05/2005 19:08,06/06/2005 20:32,3,9,0,1,2,17
808,29/05/2005 19:10,05/06/2005 19:05,1,5,0,1,2,35
809,29/05/2005 19:12,04/06/2005 21:12,2,12,0,1,2,24
810,29/05/2005 19:30,02/06/2005 16:19,2,12,0,1,2,49
811,29/05/2005 20:00,30/05/2005 19:43,2,14,0,1,2,31
812,29/05/2005 20:14,05/06/2005 20:56,1,3,0,1,1,12
813,29/05/2005 20:16,07/06/2005 17:47,2,10,0,1,1,5
814,29/05/2005 20:24,03/06/2005 15:32,1,10,0,1,1,43
815,29/05/2005 20:26,06/06/2005 22:31,3,30,0,1,2,7
816,29/05/2005 20:39,31/05/2005 18:24,3,9,0,1,1,42
817,29/05/2005 20:47,02/06/2005 23:18,2,14,0,1,2,32
818,29/05/2005 21:00,02/06/2005 15:15,3,27,0,1,2,36
819,29/05/2005 21:07,07/06/2005 0:22,1,8,0,1,2,37
820,29/05/2005 21:31,04/06/2005 22:49,3,33,0,1,1,4
821,29/05/2005 21:36,07/06/2005 17:24,3,18,0,1,1,28
822,29/05/2005 21:39,30/05/2005 22:06,2,6,0,1,1,31
823,29/05/2005 21:45,31/05/2005 19:01,1,11,0,1,1,6
824,29/05/2005 21:49,04/06/2005 20:27,3,30,0,1,2,26
825,29/05/2005 21:56,08/06/2005 3:18,1,4,0,1,1,26
826,29/05/2005 21:58,06/06/2005 0:54,2,6,0,1,1,33
827,29/05/2005 22:14,30/05/2005 17:22,1,10,0,1,1,27
828,29/05/2005 22:16,06/06/2005 1:38,1,3,0,1,1,31
829,29/05/2005 22:43,01/06/2005 17:43,3,21,0,1,1,33
830,29/05/2005 22:50,06/06/2005 2:27,2,10,0,1,1,16
831,29/05/2005 22:51,07/06/2005 17:37,1,9,0,1,2,2
832,29/05/2005 23:21,02/06/2005 18:40,3,27,0,1,1,25
833,29/05/2005 23:24,30/05/2005 22:00,2,8,0,1,2,31
834,29/05/2005 23:37,02/06/2005 23:38,2,16,0,1,1,20
835,29/05/2005 23:56,31/05/2005 4:11,3,30,0,1,2,47
836,30/05/2005 0:02,02/06/2005 5:31,1,7,0,1,2,25
837,30/05/2005 0:27,06/06/2005 22:19,3,18,0,1,2,25
838,30/05/2005 0:28,08/06/2005 2:43,2,22,0,1,1,38
839,30/05/2005 0:28,31/05/2005 20:39,1,7,0,1,2,44
840,30/05/2005 0:31,02/06/2005 19:14,3,21,0,1,1,12
841,30/05/2005 0:32,01/06/2005 2:21,2,22,0,1,1,9
842,30/05/2005 0:44,31/05/2005 0:58,1,9,0,1,2,48
843,30/05/2005 0:58,01/06/2005 0:38,3,9,0,1,1,31
844,30/05/2005 1:17,07/06/2005 2:00,2,16,0,1,1,35
845,30/05/2005 1:17,01/06/2005 0:56,2,10,0,1,2,17
846,30/05/2005 1:18,06/06/2005 20:20,1,4,0,1,2,5
847,30/05/2005 1:19,05/06/2005 23:40,3,9,0,1,1,9
848,30/05/2005 1:23,07/06/2005 1:50,1,10,0,1,1,6
849,30/05/2005 1:35,31/05/2005 1:51,1,11,0,1,1,28
850,30/05/2005 1:35,06/06/2005 7:27,3,15,0,1,1,12
851,30/05/2005 1:36,01/06/2005 22:44,3,12,0,1,1,30
852,30/05/2005 1:43,01/06/2005 2:05,2,12,0,1,1,32
853,30/05/2005 1:56,01/06/2005 6:34,3,21,0,1,2,35
854,30/05/2005 2:00,03/06/2005 20:16,3,9,0,1,2,4
855,30/05/2005 2:01,07/06/2005 3:25,1,11,0,1,1,20
856,30/05/2005 2:01,02/06/2005 6:07,3,21,0,1,2,16
857,30/05/2005 2:10,01/06/2005 4:42,1,9,0,1,1,39
858,30/05/2005 2:36,02/06/2005 7:49,1,11,0,1,2,49
859,30/05/2005 2:45,08/06/2005 7:28,3,21,0,1,1,14
860,30/05/2005 2:48,06/06/2005 5:43,1,5,0,1,1,13
861,30/05/2005 3:09,03/06/2005 21:27,3,24,0,1,1,22
862,30/05/2005 3:14,05/06/2005 4:34,3,27,0,1,2,25
863,30/05/2005 3:27,06/06/2005 8:28,1,6,0,1,1,36
864,30/05/2005 3:39,07/06/2005 8:10,1,6,0,1,2,37
865,30/05/2005 3:43,08/06/2005 4:28,2,6,0,1,1,42
866,30/05/2005 3:54,01/06/2005 22:59,3,15,0,1,1,29
867,30/05/2005 4:19,31/05/2005 2:28,3,24,0,1,1,46
868,30/05/2005 4:22,03/06/2005 9:18,1,4,0,1,2,29
869,30/05/2005 4:25,06/06/2005 4:32,1,6,0,1,1,3
870,30/05/2005 5:01,04/06/2005 6:22,1,10,0,1,2,42
871,30/05/2005 5:03,06/06/2005 10:35,1,5,0,1,1,14
872,30/05/2005 5:15,07/06/2005 0:49,2,12,0,1,2,17
873,30/05/2005 5:36,01/06/2005 9:32,2,16,0,1,1,19
874,30/05/2005 5:38,06/06/2005 0:34,1,4,0,1,2,41
875,30/05/2005 5:41,07/06/2005 9:06,1,8,0,1,2,47
876,30/05/2005 5:48,02/06/2005 9:30,3,21,0,1,1,24
877,30/05/2005 5:49,07/06/2005 4:35,3,30,0,1,1,15
878,30/05/2005 5:49,05/06/2005 1:45,3,24,0,1,2,8
879,30/05/2005 6:12,02/06/2005 4:35,1,8,0,1,2,10
880,30/05/2005 6:15,02/06/2005 10:21,1,5,0,1,1,31
881,30/05/2005 6:16,02/06/2005 11:57,3,18,0,1,1,19
882,30/05/2005 6:21,07/06/2005 4:50,3,18,0,1,2,48
883,30/05/2005 6:41,31/05/2005 7:39,3,18,0,1,1,25
884,30/05/2005 6:54,03/06/2005 7:03,3,21,0,1,2,44
885,30/05/2005 6:54,01/06/2005 6:04,2,22,0,1,2,49
886,30/05/2005 7:10,01/06/2005 6:48,2,10,0,1,2,5
887,30/05/2005 7:13,06/06/2005 9:50,1,9,0,1,1,23
888,30/05/2005 7:14,31/05/2005 7:56,1,6,0,1,2,28
889,30/05/2005 7:43,01/06/2005 11:26,2,8,0,1,1,32
890,30/05/2005 7:43,08/06/2005 9:21,3,18,0,1,1,49
891,30/05/2005 8:02,05/06/2005 12:51,2,18,0,1,1,46
892,30/05/2005 8:06,07/06/2005 8:23,1,4,0,1,2,7
893,30/05/2005 8:31,07/06/2005 12:39,3,24,0,1,1,28
894,30/05/2005 8:50,05/06/2005 10:58,2,12,0,1,1,18
895,30/05/2005 9:03,05/06/2005 7:37,3,12,0,1,2,13
896,30/05/2005 9:10,08/06/2005 3:43,1,9,0,1,1,7
897,30/05/2005 9:26,01/06/2005 10:45,1,11,0,1,2,13
898,30/05/2005 9:29,06/06/2005 12:39,2,14,0,1,2,14
899,30/05/2005 9:38,07/06/2005 11:54,1,7,0,1,1,16
900,30/05/2005 9:40,02/06/2005 10:32,2,20,0,1,1,47
901,30/05/2005 9:53,07/06/2005 12:10,1,8,0,1,1,36
902,30/05/2005 10:11,03/06/2005 9:33,1,6,0,1,1,1
903,30/05/2005 10:19,05/06/2005 4:58,1,3,0,1,2,35
904,30/05/2005 10:25,06/06/2005 6:23,2,14,0,1,1,38
905,30/05/2005 10:30,07/06/2005 6:44,3,9,0,1,2,13
906,30/05/2005 10:37,02/06/2005 9:51,1,7,0,1,1,3
907,30/05/2005 10:38,03/06/2005 9:56,3,30,0,1,1,34
908,30/05/2005 10:43,08/06/2005 12:07,2,10,0,1,1,26
909,30/05/2005 10:46,04/06/2005 13:32,3,27,0,1,1,15
910,30/05/2005 10:50,07/06/2005 12:26,3,18,0,1,2,43
911,30/05/2005 10:58,31/05/2005 9:31,2,10,0,1,2,37
912,30/05/2005 11:04,07/06/2005 13:22,3,21,0,1,2,49
913,30/05/2005 11:06,04/06/2005 6:07,2,20,0,1,2,4
914,30/05/2005 11:20,02/06/2005 11:55,1,11,0,1,1,19
915,30/05/2005 11:25,31/05/2005 9:06,2,10,0,1,1,20
916,30/05/2005 11:27,02/06/2005 8:31,2,18,0,1,1,25
917,30/05/2005 11:32,31/05/2005 7:55,2,10,0,1,2,41
918,30/05/2005 11:35,02/06/2005 13:16,3,33,0,1,2,5
919,30/05/2005 11:44,02/06/2005 8:19,1,8,0,1,2,5
920,30/05/2005 11:53,03/06/2005 10:00,2,16,0,1,2,16
921,30/05/2005 11:55,08/06/2005 10:12,3,24,0,1,2,13
922,30/05/2005 11:58,05/06/2005 9:57,1,5,0,1,1,6
923,30/05/2005 12:10,04/06/2005 17:28,1,4,0,1,1,50
924,30/05/2005 12:13,02/06/2005 14:41,3,15,0,1,2,14
925,30/05/2005 12:15,01/06/2005 8:53,3,12,0,1,2,14
926,30/05/2005 12:16,31/05/2005 16:20,1,5,0,1,2,2
927,30/05/2005 12:27,05/06/2005 13:56,2,8,0,1,2,5
928,30/05/2005 12:32,06/06/2005 12:17,1,9,0,1,1,29
929,30/05/2005 12:44,04/06/2005 10:53,2,6,0,1,2,48
930,30/05/2005 12:53,31/05/2005 14:28,3,24,0,1,1,38
931,30/05/2005 12:55,31/05/2005 10:30,2,12,0,1,2,25
932,30/05/2005 13:08,01/06/2005 18:56,2,6,0,1,1,40
933,30/05/2005 13:24,08/06/2005 16:44,3,33,0,1,2,20
934,30/05/2005 13:29,02/06/2005 11:08,2,14,0,1,1,44
935,30/05/2005 13:52,07/06/2005 16:56,3,15,0,1,1,23
936,30/05/2005 14:47,05/06/2005 9:53,2,12,0,1,2,26
937,30/05/2005 14:47,04/06/2005 10:10,2,20,0,1,2,3
938,30/05/2005 14:49,01/06/2005 19:00,1,5,0,1,1,35
939,30/05/2005 15:01,01/06/2005 18:26,3,24,0,1,1,2
940,30/05/2005 15:02,01/06/2005 17:19,3,18,0,1,1,2
941,30/05/2005 15:05,08/06/2005 15:59,1,11,0,1,2,31
942,30/05/2005 15:20,06/06/2005 18:53,3,15,0,1,1,22
943,30/05/2005 15:26,07/06/2005 18:09,1,9,0,1,2,4
944,30/05/2005 15:33,02/06/2005 15:02,3,12,0,1,2,24
945,30/05/2005 15:35,08/06/2005 11:38,1,4,0,1,1,33
946,30/05/2005 15:36,04/06/2005 18:48,1,5,0,1,1,28
947,30/05/2005 15:44,08/06/2005 17:30,1,7,0,1,2,2
948,30/05/2005 15:50,03/06/2005 14:25,1,3,0,1,1,46
949,30/05/2005 16:06,01/06/2005 11:43,2,16,0,1,1,31
950,30/05/2005 16:10,31/05/2005 19:01,1,6,0,1,2,17
951,30/05/2005 16:28,02/06/2005 16:12,3,15,0,1,2,29
952,30/05/2005 16:34,31/05/2005 20:34,3,21,0,1,1,37
953,30/05/2005 16:57,08/06/2005 13:30,3,12,0,1,2,25
954,30/05/2005 16:59,31/05/2005 11:58,3,12,0,1,2,40
955,30/05/2005 17:30,07/06/2005 13:54,2,16,0,1,2,3
956,30/05/2005 17:53,03/06/2005 15:31,2,8,0,1,2,47
957,30/05/2005 17:58,01/06/2005 19:17,3,12,0,1,2,49
958,30/05/2005 18:07,02/06/2005 14:37,3,33,0,1,2,45
959,30/05/2005 18:13,04/06/2005 0:12,2,20,0,1,2,26
960,30/05/2005 18:16,04/06/2005 23:40,3,18,0,1,2,32
961,30/05/2005 18:45,05/06/2005 22:47,3,18,0,1,1,32
962,30/05/2005 18:52,07/06/2005 16:19,1,10,0,1,2,29
963,30/05/2005 18:53,04/06/2005 22:32,2,6,0,1,2,4
964,30/05/2005 19:00,31/05/2005 17:10,2,10,0,1,2,22
965,30/05/2005 19:00,31/05/2005 23:51,3,24,0,1,1,4
966,30/05/2005 19:12,09/06/2005 0:02,3,33,0,1,2,34
967,30/05/2005 19:20,31/05/2005 18:17,3,12,0,1,2,46
968,30/05/2005 19:23,31/05/2005 21:14,1,4,0,1,1,15
969,30/05/2005 19:50,09/06/2005 1:19,3,27,0,1,1,18
970,30/05/2005 20:10,06/06/2005 20:47,3,9,0,1,1,24
971,30/05/2005 20:21,06/06/2005 0:36,1,4,0,1,1,38
972,30/05/2005 20:27,08/06/2005 22:47,3,18,0,1,2,50
973,30/05/2005 20:28,08/06/2005 23:45,3,33,0,1,2,24
974,30/05/2005 21:07,03/06/2005 1:48,1,3,0,1,2,50
975,30/05/2005 21:11,06/06/2005 2:16,1,5,0,1,2,37
976,30/05/2005 21:22,04/06/2005 22:32,3,27,0,1,2,28
977,30/05/2005 21:30,07/06/2005 16:22,3,12,0,1,1,26
978,30/05/2005 21:37,08/06/2005 0:24,2,6,0,1,2,48
979,30/05/2005 21:45,01/06/2005 20:32,1,10,0,1,1,10
980,30/05/2005 21:52,01/06/2005 3:15,1,11,0,1,2,6
981,30/05/2005 22:15,02/06/2005 16:18,2,12,0,1,1,35
982,30/05/2005 22:15,02/06/2005 22:56,1,5,0,1,1,6
983,30/05/2005 22:17,01/06/2005 20:15,1,7,0,1,2,43
984,30/05/2005 22:18,04/06/2005 23:36,1,10,0,1,1,44
985,30/05/2005 22:22,01/06/2005 2:24,2,14,0,1,1,22
986,30/05/2005 22:59,07/06/2005 20:56,3,18,0,1,1,2
987,30/05/2005 23:08,07/06/2005 0:22,1,5,0,1,1,16
988,30/05/2005 23:11,03/06/2005 20:36,1,7,0,1,2,28
989,30/05/2005 23:25,06/06/2005 18:41,2,16,0,1,2,39
990,30/05/2005 23:29,07/06/2005 23:16,1,3,0,1,1,3
991,30/05/2005 23:47,05/06/2005 19:01,1,7,0,1,1,8
992,30/05/2005 23:54,04/06/2005 21:27,3,21,0,1,1,15
993,30/05/2005 23:55,04/06/2005 1:00,1,4,0,1,2,43
994,31/05/2005 0:06,06/06/2005 2:30,3,15,0,1,2,23
995,31/05/2005 0:06,31/05/2005 21:29,3,12,0,1,2,38
996,31/05/2005 0:08,02/06/2005 0:17,3,30,0,1,2,32
997,31/05/2005 0:16,01/06/2005 22:41,1,9,0,1,1,39
998,31/05/2005 0:25,03/06/2005 6:05,3,24,0,1,2,13
999,31/05/2005 0:25,08/06/2005 19:42,1,5,0,1,2,27
1000,31/05/2005 0:46,06/06/2005 6:14,3,9,0,1,2,29
